timestamp,iso,value
1785787550,2026-08-03T20:05:50+00:00,1
1785787580,2026-08-03T20:06:20+00:00,4
1785787610,2026-08-03T20:06:50+00:00,4
1785787640,2026-08-03T20:07:20+00:00,1
1785787670,2026-08-03T20:07:50+00:00,0
1785787700,2026-08-03T20:08:20+00:00,2
1785787730,2026-08-03T20:08:50+00:00,2
1785787760,2026-08-03T20:09:20+00:00,4
1785787790,2026-08-03T20:09:50+00:00,3
1785787820,2026-08-03T20:10:20+00:00,2
1785787850,2026-08-03T20:10:50+00:00,2
1785787880,2026-08-03T20:11:20+00:00,2
1785787910,2026-08-03T20:11:50+00:00,1
1785787940,2026-08-03T20:12:20+00:00,3
1785787970,2026-08-03T20:12:50+00:00,3
1785788000,2026-08-03T20:13:20+00:00,4
1785788030,2026-08-03T20:13:50+00:00,3
1785788060,2026-08-03T20:14:20+00:00,4
1785788090,2026-08-03T20:14:50+00:00,1
1785788120,2026-08-03T20:15:20+00:00,4
1785788150,2026-08-03T20:15:50+00:00,3
1785788180,2026-08-03T20:16:20+00:00,2
1785788210,2026-08-03T20:16:50+00:00,2
1785788240,2026-08-03T20:17:20+00:00,3
1785788270,2026-08-03T20:17:50+00:00,2
1785788300,2026-08-03T20:18:20+00:00,4
1785788330,2026-08-03T20:18:50+00:00,2
1785788360,2026-08-03T20:19:20+00:00,2
1785788390,2026-08-03T20:19:50+00:00,1
1785788420,2026-08-03T20:20:20+00:00,2
1785788450,2026-08-03T20:20:50+00:00,2
1785788480,2026-08-03T20:21:20+00:00,2
1785788510,2026-08-03T20:21:50+00:00,1
1785788540,2026-08-03T20:22:20+00:00,2
1785788570,2026-08-03T20:22:50+00:00,2
1785788600,2026-08-03T20:23:20+00:00,2
1785788630,2026-08-03T20:23:50+00:00,1
1785788660,2026-08-03T20:24:20+00:00,2
1785788690,2026-08-03T20:24:50+00:00,2
1785788720,2026-08-03T20:25:20+00:00,2
1785788750,2026-08-03T20:25:50+00:00,1
1785788780,2026-08-03T20:26:20+00:00,3
1785788810,2026-08-03T20:26:50+00:00,3
1785788840,2026-08-03T20:27:20+00:00,5
1785788870,2026-08-03T20:27:50+00:00,2
1785788900,2026-08-03T20:28:20+00:00,1
1785788930,2026-08-03T20:28:50+00:00,0
1785788960,2026-08-03T20:29:20+00:00,3
1785788990,2026-08-03T20:29:50+00:00,3
1785789020,2026-08-03T20:30:20+00:00,2
1785789050,2026-08-03T20:30:50+00:00,1
1785789080,2026-08-03T20:31:20+00:00,4
1785789110,2026-08-03T20:31:50+00:00,3
1785789140,2026-08-03T20:32:20+00:00,4
1785789170,2026-08-03T20:32:50+00:00,1
1785789200,2026-08-03T20:33:20+00:00,4
1785789230,2026-08-03T20:33:50+00:00,4
1785789260,2026-08-03T20:34:20+00:00,4
1785789290,2026-08-03T20:34:50+00:00,0
1785789320,2026-08-03T20:35:20+00:00,2
1785789350,2026-08-03T20:35:50+00:00,2
1785789380,2026-08-03T20:36:20+00:00,2
1785789410,2026-08-03T20:36:50+00:00,1
1785789440,2026-08-03T20:37:20+00:00,1
1785789470,2026-08-03T20:37:50+00:00,1
1785789500,2026-08-03T20:38:20+00:00,5
1785789530,2026-08-03T20:38:50+00:00,4
1785789560,2026-08-03T20:39:20+00:00,2
1785789590,2026-08-03T20:39:50+00:00,2
1785789620,2026-08-03T20:40:20+00:00,3
1785789650,2026-08-03T20:40:50+00:00,2
1785789680,2026-08-03T20:41:20+00:00,5
1785789710,2026-08-03T20:41:50+00:00,3
1785789740,2026-08-03T20:42:20+00:00,4
1785789770,2026-08-03T20:42:50+00:00,1
1785789800,2026-08-03T20:43:20+00:00,3
1785789830,2026-08-03T20:43:50+00:00,2
1785789860,2026-08-03T20:44:20+00:00,2
1785789890,2026-08-03T20:44:50+00:00,1
1785789920,2026-08-03T20:45:20+00:00,3
1785789950,2026-08-03T20:45:50+00:00,3
1785789980,2026-08-03T20:46:20+00:00,1
1785790010,2026-08-03T20:46:50+00:00,1
1785790040,2026-08-03T20:47:20+00:00,3
1785790070,2026-08-03T20:47:50+00:00,3
1785790100,2026-08-03T20:48:20+00:00,2
1785790130,2026-08-03T20:48:50+00:00,0
1785790160,2026-08-03T20:49:20+00:00,3
1785790190,2026-08-03T20:49:50+00:00,3
1785790220,2026-08-03T20:50:20+00:00,1
1785790250,2026-08-03T20:50:50+00:00,1
1785790280,2026-08-03T20:51:20+00:00,4
1785790310,2026-08-03T20:51:50+00:00,4
1785790340,2026-08-03T20:52:20+00:00,5
1785790370,2026-08-03T20:52:50+00:00,2
1785790400,2026-08-03T20:53:20+00:00,3
1785790430,2026-08-03T20:53:50+00:00,1
1785790460,2026-08-03T20:54:20+00:00,1
1785790490,2026-08-03T20:54:50+00:00,1
1785790520,2026-08-03T20:55:20+00:00,1
1785790550,2026-08-03T20:55:50+00:00,1
1785790580,2026-08-03T20:56:20+00:00,5
1785790610,2026-08-03T20:56:50+00:00,4
1785790640,2026-08-03T20:57:20+00:00,1
1785790670,2026-08-03T20:57:50+00:00,1
1785790700,2026-08-03T20:58:20+00:00,2
1785790730,2026-08-03T20:58:50+00:00,1
1785790760,2026-08-03T20:59:20+00:00,3
1785790790,2026-08-03T20:59:50+00:00,3
1785790820,2026-08-03T21:00:20+00:00,1
1785790850,2026-08-03T21:00:50+00:00,1
1785790880,2026-08-03T21:01:20+00:00,5
1785790910,2026-08-03T21:01:50+00:00,5
1785790940,2026-08-03T21:02:20+00:00,1
1785790970,2026-08-03T21:02:50+00:00,1
1785791000,2026-08-03T21:03:20+00:00,2
1785791030,2026-08-03T21:03:50+00:00,2
1785791060,2026-08-03T21:04:20+00:00,5
1785791090,2026-08-03T21:04:50+00:00,5
1785791120,2026-08-03T21:05:20+00:00,3
1785791150,2026-08-03T21:05:50+00:00,2
1785791180,2026-08-03T21:06:20+00:00,1
1785791210,2026-08-03T21:06:50+00:00,1
1785791240,2026-08-03T21:07:20+00:00,4
1785791270,2026-08-03T21:07:50+00:00,4
1785791300,2026-08-03T21:08:20+00:00,0
1785791330,2026-08-03T21:08:50+00:00,0
1785791360,2026-08-03T21:09:20+00:00,5
1785791390,2026-08-03T21:09:50+00:00,5
1785791420,2026-08-03T21:10:20+00:00,3
1785791450,2026-08-03T21:10:50+00:00,3
1785791480,2026-08-03T21:11:20+00:00,2
1785791510,2026-08-03T21:11:50+00:00,2
1785791540,2026-08-03T21:12:20+00:00,4
1785791570,2026-08-03T21:12:50+00:00,4
1785791600,2026-08-03T21:13:20+00:00,4
1785791630,2026-08-03T21:13:50+00:00,4
1785791660,2026-08-03T21:14:20+00:00,3
1785791690,2026-08-03T21:14:50+00:00,3
1785791720,2026-08-03T21:15:20+00:00,5
1785791750,2026-08-03T21:15:50+00:00,2
1785791780,2026-08-03T21:16:20+00:00,2
1785791810,2026-08-03T21:16:50+00:00,2
1785791840,2026-08-03T21:17:20+00:00,1
1785791870,2026-08-03T21:17:50+00:00,1
1785791900,2026-08-03T21:18:20+00:00,2
1785791930,2026-08-03T21:18:50+00:00,2
1785791960,2026-08-03T21:19:20+00:00,3
1785791990,2026-08-03T21:19:50+00:00,3
1785792020,2026-08-03T21:20:20+00:00,2
1785792050,2026-08-03T21:20:50+00:00,2
1785792080,2026-08-03T21:21:20+00:00,3
1785792110,2026-08-03T21:21:50+00:00,1
1785792140,2026-08-03T21:22:20+00:00,3
1785792170,2026-08-03T21:22:50+00:00,3
1785792200,2026-08-03T21:23:20+00:00,0
1785792230,2026-08-03T21:23:50+00:00,0
1785792260,2026-08-03T21:24:20+00:00,4
1785792290,2026-08-03T21:24:50+00:00,4
1785792320,2026-08-03T21:25:20+00:00,0
1785792350,2026-08-03T21:25:50+00:00,0
1785792380,2026-08-03T21:26:20+00:00,3
1785792410,2026-08-03T21:26:50+00:00,3
1785792440,2026-08-03T21:27:20+00:00,1
1785792470,2026-08-03T21:27:50+00:00,1
1785792500,2026-08-03T21:28:20+00:00,2
1785792530,2026-08-03T21:28:50+00:00,2
1785792560,2026-08-03T21:29:20+00:00,0
1785792590,2026-08-03T21:29:50+00:00,0
1785792620,2026-08-03T21:30:20+00:00,4
1785792650,2026-08-03T21:30:50+00:00,4
1785792680,2026-08-03T21:31:20+00:00,1
1785792710,2026-08-03T21:31:50+00:00,1
1785792740,2026-08-03T21:32:20+00:00,2
1785792770,2026-08-03T21:32:50+00:00,2
1785792800,2026-08-03T21:33:20+00:00,3
1785792830,2026-08-03T21:33:50+00:00,3
1785792860,2026-08-03T21:34:20+00:00,5
1785792890,2026-08-03T21:34:50+00:00,2
1785792920,2026-08-03T21:35:20+00:00,3
1785792950,2026-08-03T21:35:50+00:00,3
1785792980,2026-08-03T21:36:20+00:00,4
1785793010,2026-08-03T21:36:50+00:00,1
1785793040,2026-08-03T21:37:20+00:00,2
1785793070,2026-08-03T21:37:50+00:00,2
1785793100,2026-08-03T21:38:20+00:00,1
1785793130,2026-08-03T21:38:50+00:00,1
1785793160,2026-08-03T21:39:20+00:00,2
1785793190,2026-08-03T21:39:50+00:00,2
1785793220,2026-08-03T21:40:20+00:00,1
1785793250,2026-08-03T21:40:50+00:00,1
1785793280,2026-08-03T21:41:20+00:00,4
1785793310,2026-08-03T21:41:50+00:00,4
1785793340,2026-08-03T21:42:20+00:00,1
1785793370,2026-08-03T21:42:50+00:00,1
1785793400,2026-08-03T21:43:20+00:00,3
1785793430,2026-08-03T21:43:50+00:00,3
1785793460,2026-08-03T21:44:20+00:00,1
1785793490,2026-08-03T21:44:50+00:00,1
1785793520,2026-08-03T21:45:20+00:00,2
1785793550,2026-08-03T21:45:50+00:00,2
1785793580,2026-08-03T21:46:20+00:00,2
1785793610,2026-08-03T21:46:50+00:00,2
1785793640,2026-08-03T21:47:20+00:00,4
1785793670,2026-08-03T21:47:50+00:00,2
1785793700,2026-08-03T21:48:20+00:00,1
1785793730,2026-08-03T21:48:50+00:00,1
1785793760,2026-08-03T21:49:20+00:00,4
1785793790,2026-08-03T21:49:50+00:00,4
1785793820,2026-08-03T21:50:20+00:00,2
1785793850,2026-08-03T21:50:50+00:00,0
1785793880,2026-08-03T21:51:20+00:00,3
1785793910,2026-08-03T21:51:50+00:00,3
1785793940,2026-08-03T21:52:20+00:00,0
1785793970,2026-08-03T21:52:50+00:00,0
1785794000,2026-08-03T21:53:20+00:00,3
1785794030,2026-08-03T21:53:50+00:00,3
1785794060,2026-08-03T21:54:20+00:00,2
1785794090,2026-08-03T21:54:50+00:00,2
1785794120,2026-08-03T21:55:20+00:00,2
1785794150,2026-08-03T21:55:50+00:00,2
1785794180,2026-08-03T21:56:20+00:00,2
1785794210,2026-08-03T21:56:50+00:00,2
1785794240,2026-08-03T21:57:20+00:00,3
1785794270,2026-08-03T21:57:50+00:00,1
1785794300,2026-08-03T21:58:20+00:00,3
1785794330,2026-08-03T21:58:50+00:00,3
1785794360,2026-08-03T21:59:20+00:00,3
1785794390,2026-08-03T21:59:50+00:00,3
1785794420,2026-08-03T22:00:20+00:00,3
1785794450,2026-08-03T22:00:50+00:00,1
1785794480,2026-08-03T22:01:20+00:00,3
1785794510,2026-08-03T22:01:50+00:00,3
1785794540,2026-08-03T22:02:20+00:00,4
1785794570,2026-08-03T22:02:50+00:00,1
1785794600,2026-08-03T22:03:20+00:00,3
1785794630,2026-08-03T22:03:50+00:00,3
1785794660,2026-08-03T22:04:20+00:00,0
1785794690,2026-08-03T22:04:50+00:00,0
1785794720,2026-08-03T22:05:20+00:00,3
1785794750,2026-08-03T22:05:50+00:00,3
1785794780,2026-08-03T22:06:20+00:00,2
1785794810,2026-08-03T22:06:50+00:00,2
1785794840,2026-08-03T22:07:20+00:00,4
1785794870,2026-08-03T22:07:50+00:00,2
1785794900,2026-08-03T22:08:20+00:00,2
1785794930,2026-08-03T22:08:50+00:00,2
1785794960,2026-08-03T22:09:20+00:00,1
1785794990,2026-08-03T22:09:50+00:00,1
1785795020,2026-08-03T22:10:20+00:00,2
1785795050,2026-08-03T22:10:50+00:00,2
1785795080,2026-08-03T22:11:20+00:00,1
1785795110,2026-08-03T22:11:50+00:00,1
1785795140,2026-08-03T22:12:20+00:00,3
1785795170,2026-08-03T22:12:50+00:00,3
1785795200,2026-08-03T22:13:20+00:00,3
1785795230,2026-08-03T22:13:50+00:00,3
1785795260,2026-08-03T22:14:20+00:00,1
1785795290,2026-08-03T22:14:50+00:00,1
1785795320,2026-08-03T22:15:20+00:00,6
1785795350,2026-08-03T22:15:50+00:00,6
1785795380,2026-08-03T22:16:20+00:00,6
1785795410,2026-08-03T22:16:50+00:00,6
1785795440,2026-08-03T22:17:20+00:00,6
1785795470,2026-08-03T22:17:50+00:00,6
1785795500,2026-08-03T22:18:20+00:00,6
1785795530,2026-08-03T22:18:50+00:00,6
1785795560,2026-08-03T22:19:20+00:00,6
1785795590,2026-08-03T22:19:50+00:00,6
1785795620,2026-08-03T22:20:20+00:00,6
1785795650,2026-08-03T22:20:50+00:00,6
1785795680,2026-08-03T22:21:20+00:00,6
1785795710,2026-08-03T22:21:50+00:00,6
1785795740,2026-08-03T22:22:20+00:00,6
1785795770,2026-08-03T22:22:50+00:00,6
1785795800,2026-08-03T22:23:20+00:00,6
1785795830,2026-08-03T22:23:50+00:00,6
1785795860,2026-08-03T22:24:20+00:00,6
1785795890,2026-08-03T22:24:50+00:00,6
1785795920,2026-08-03T22:25:20+00:00,6
1785795950,2026-08-03T22:25:50+00:00,6
1785795980,2026-08-03T22:26:20+00:00,6
1785796010,2026-08-03T22:26:50+00:00,6
1785796040,2026-08-03T22:27:20+00:00,6
1785796070,2026-08-03T22:27:50+00:00,6
1785796100,2026-08-03T22:28:20+00:00,6
1785796130,2026-08-03T22:28:50+00:00,6
1785796160,2026-08-03T22:29:20+00:00,6
1785796190,2026-08-03T22:29:50+00:00,6
1785796220,2026-08-03T22:30:20+00:00,6
1785796250,2026-08-03T22:30:50+00:00,6
1785796280,2026-08-03T22:31:20+00:00,6
1785796310,2026-08-03T22:31:50+00:00,6
1785796340,2026-08-03T22:32:20+00:00,6
1785796370,2026-08-03T22:32:50+00:00,6
1785796400,2026-08-03T22:33:20+00:00,6
1785796430,2026-08-03T22:33:50+00:00,6
1785796460,2026-08-03T22:34:20+00:00,6
1785796490,2026-08-03T22:34:50+00:00,6
1785796520,2026-08-03T22:35:20+00:00,6
1785796550,2026-08-03T22:35:50+00:00,6
1785796580,2026-08-03T22:36:20+00:00,6
1785796610,2026-08-03T22:36:50+00:00,6
1785796640,2026-08-03T22:37:20+00:00,6
1785796670,2026-08-03T22:37:50+00:00,6
1785796700,2026-08-03T22:38:20+00:00,6
1785796730,2026-08-03T22:38:50+00:00,6
1785796760,2026-08-03T22:39:20+00:00,6
1785796790,2026-08-03T22:39:50+00:00,6
1785796820,2026-08-03T22:40:20+00:00,6
1785796850,2026-08-03T22:40:50+00:00,6
1785796880,2026-08-03T22:41:20+00:00,6
1785796910,2026-08-03T22:41:50+00:00,6
1785796940,2026-08-03T22:42:20+00:00,6
1785796970,2026-08-03T22:42:50+00:00,6
1785797000,2026-08-03T22:43:20+00:00,6
1785797030,2026-08-03T22:43:50+00:00,6
1785797060,2026-08-03T22:44:20+00:00,6
1785797090,2026-08-03T22:44:50+00:00,6
1785797120,2026-08-03T22:45:20+00:00,6
1785797150,2026-08-03T22:45:50+00:00,6
1785797180,2026-08-03T22:46:20+00:00,6
1785797210,2026-08-03T22:46:50+00:00,6
1785797240,2026-08-03T22:47:20+00:00,6
1785797270,2026-08-03T22:47:50+00:00,6
1785797300,2026-08-03T22:48:20+00:00,6
1785797330,2026-08-03T22:48:50+00:00,6
1785797360,2026-08-03T22:49:20+00:00,6
1785797390,2026-08-03T22:49:50+00:00,6
1785797420,2026-08-03T22:50:20+00:00,6
1785797450,2026-08-03T22:50:50+00:00,6
1785797480,2026-08-03T22:51:20+00:00,6
1785797510,2026-08-03T22:51:50+00:00,6
1785797540,2026-08-03T22:52:20+00:00,6
1785797570,2026-08-03T22:52:50+00:00,6
1785797600,2026-08-03T22:53:20+00:00,6
1785797630,2026-08-03T22:53:50+00:00,6
1785797660,2026-08-03T22:54:20+00:00,6
1785797690,2026-08-03T22:54:50+00:00,6
1785797720,2026-08-03T22:55:20+00:00,6
1785797750,2026-08-03T22:55:50+00:00,6
1785797780,2026-08-03T22:56:20+00:00,6
1785797810,2026-08-03T22:56:50+00:00,6
1785797840,2026-08-03T22:57:20+00:00,6
1785797870,2026-08-03T22:57:50+00:00,6
1785797900,2026-08-03T22:58:20+00:00,6
1785797930,2026-08-03T22:58:50+00:00,6
1785797960,2026-08-03T22:59:20+00:00,6
1785797990,2026-08-03T22:59:50+00:00,6
1785798020,2026-08-03T23:00:20+00:00,6
1785798050,2026-08-03T23:00:50+00:00,6
1785798080,2026-08-03T23:01:20+00:00,6
1785798110,2026-08-03T23:01:50+00:00,6
1785798140,2026-08-03T23:02:20+00:00,6
1785798170,2026-08-03T23:02:50+00:00,6
1785798200,2026-08-03T23:03:20+00:00,6
1785798230,2026-08-03T23:03:50+00:00,6
1785798260,2026-08-03T23:04:20+00:00,6
1785798290,2026-08-03T23:04:50+00:00,6
1785798320,2026-08-03T23:05:20+00:00,6
1785798350,2026-08-03T23:05:50+00:00,6
1785798380,2026-08-03T23:06:20+00:00,6
1785798410,2026-08-03T23:06:50+00:00,6
1785798440,2026-08-03T23:07:20+00:00,6
1785798470,2026-08-03T23:07:50+00:00,6
1785798500,2026-08-03T23:08:20+00:00,6
1785798530,2026-08-03T23:08:50+00:00,6
1785798560,2026-08-03T23:09:20+00:00,6
1785798590,2026-08-03T23:09:50+00:00,6
1785798620,2026-08-03T23:10:20+00:00,6
1785798650,2026-08-03T23:10:50+00:00,6
1785798680,2026-08-03T23:11:20+00:00,6
1785798710,2026-08-03T23:11:50+00:00,6
1785798740,2026-08-03T23:12:20+00:00,6
1785798770,2026-08-03T23:12:50+00:00,6
1785798800,2026-08-03T23:13:20+00:00,6
1785798830,2026-08-03T23:13:50+00:00,6
1785798860,2026-08-03T23:14:20+00:00,6
1785798890,2026-08-03T23:14:50+00:00,6
1785798920,2026-08-03T23:15:20+00:00,6
1785798950,2026-08-03T23:15:50+00:00,6
1785798980,2026-08-03T23:16:20+00:00,6
1785799010,2026-08-03T23:16:50+00:00,6
1785799040,2026-08-03T23:17:20+00:00,6
1785799070,2026-08-03T23:17:50+00:00,6
1785799100,2026-08-03T23:18:20+00:00,6
1785799130,2026-08-03T23:18:50+00:00,6
1785799160,2026-08-03T23:19:20+00:00,6
1785799190,2026-08-03T23:19:50+00:00,6
1785799220,2026-08-03T23:20:20+00:00,6
1785799250,2026-08-03T23:20:50+00:00,6
1785799280,2026-08-03T23:21:20+00:00,6
1785799310,2026-08-03T23:21:50+00:00,6
1785799340,2026-08-03T23:22:20+00:00,6
1785799370,2026-08-03T23:22:50+00:00,6
1785799400,2026-08-03T23:23:20+00:00,6
1785799430,2026-08-03T23:23:50+00:00,6
1785799460,2026-08-03T23:24:20+00:00,6
1785799490,2026-08-03T23:24:50+00:00,6
1785799520,2026-08-03T23:25:20+00:00,6
1785799550,2026-08-03T23:25:50+00:00,6
1785799580,2026-08-03T23:26:20+00:00,6
1785799610,2026-08-03T23:26:50+00:00,6
1785799640,2026-08-03T23:27:20+00:00,6
1785799670,2026-08-03T23:27:50+00:00,6
1785799700,2026-08-03T23:28:20+00:00,6
1785799730,2026-08-03T23:28:50+00:00,6
1785799760,2026-08-03T23:29:20+00:00,6
1785799790,2026-08-03T23:29:50+00:00,6
1785799820,2026-08-03T23:30:20+00:00,6
1785799850,2026-08-03T23:30:50+00:00,6
1785799880,2026-08-03T23:31:20+00:00,6
1785799910,2026-08-03T23:31:50+00:00,6
1785799940,2026-08-03T23:32:20+00:00,6
1785799970,2026-08-03T23:32:50+00:00,6
1785800000,2026-08-03T23:33:20+00:00,6
1785800030,2026-08-03T23:33:50+00:00,6
1785800060,2026-08-03T23:34:20+00:00,6
1785800090,2026-08-03T23:34:50+00:00,6
1785800120,2026-08-03T23:35:20+00:00,6
1785800150,2026-08-03T23:35:50+00:00,6
1785800180,2026-08-03T23:36:20+00:00,6
1785800210,2026-08-03T23:36:50+00:00,6
1785800240,2026-08-03T23:37:20+00:00,6
1785800270,2026-08-03T23:37:50+00:00,6
1785800300,2026-08-03T23:38:20+00:00,6
1785800330,2026-08-03T23:38:50+00:00,6
1785800360,2026-08-03T23:39:20+00:00,6
1785800390,2026-08-03T23:39:50+00:00,6
1785800420,2026-08-03T23:40:20+00:00,6
1785800450,2026-08-03T23:40:50+00:00,6
1785800480,2026-08-03T23:41:20+00:00,6
1785800510,2026-08-03T23:41:50+00:00,6
1785800540,2026-08-03T23:42:20+00:00,6
1785800570,2026-08-03T23:42:50+00:00,6
1785800600,2026-08-03T23:43:20+00:00,6
1785800630,2026-08-03T23:43:50+00:00,6
1785800660,2026-08-03T23:44:20+00:00,6
1785800690,2026-08-03T23:44:50+00:00,6
1785800720,2026-08-03T23:45:20+00:00,6
1785800750,2026-08-03T23:45:50+00:00,6
1785800780,2026-08-03T23:46:20+00:00,6
1785800810,2026-08-03T23:46:50+00:00,6
1785800840,2026-08-03T23:47:20+00:00,6
1785800870,2026-08-03T23:47:50+00:00,6
1785800900,2026-08-03T23:48:20+00:00,6
1785800930,2026-08-03T23:48:50+00:00,6
1785800960,2026-08-03T23:49:20+00:00,6
1785800990,2026-08-03T23:49:50+00:00,6
1785801020,2026-08-03T23:50:20+00:00,6
1785801050,2026-08-03T23:50:50+00:00,6
1785801080,2026-08-03T23:51:20+00:00,6
1785801110,2026-08-03T23:51:50+00:00,6
1785801140,2026-08-03T23:52:20+00:00,6
1785801170,2026-08-03T23:52:50+00:00,6
1785801200,2026-08-03T23:53:20+00:00,6
1785801230,2026-08-03T23:53:50+00:00,6
1785801260,2026-08-03T23:54:20+00:00,6
1785801290,2026-08-03T23:54:50+00:00,6
1785801320,2026-08-03T23:55:20+00:00,6
1785801350,2026-08-03T23:55:50+00:00,6
1785801380,2026-08-03T23:56:20+00:00,6
1785801410,2026-08-03T23:56:50+00:00,6
1785801440,2026-08-03T23:57:20+00:00,6
1785801470,2026-08-03T23:57:50+00:00,6
1785801500,2026-08-03T23:58:20+00:00,6
1785801530,2026-08-03T23:58:50+00:00,6
1785801560,2026-08-03T23:59:20+00:00,6
1785801590,2026-08-03T23:59:50+00:00,6
1785801620,2026-08-04T00:00:20+00:00,6
1785801650,2026-08-04T00:00:50+00:00,6
1785801680,2026-08-04T00:01:20+00:00,6
1785801710,2026-08-04T00:01:50+00:00,6
1785801740,2026-08-04T00:02:20+00:00,6
1785801770,2026-08-04T00:02:50+00:00,6
1785801800,2026-08-04T00:03:20+00:00,6
1785801830,2026-08-04T00:03:50+00:00,6
1785801860,2026-08-04T00:04:20+00:00,6
1785801890,2026-08-04T00:04:50+00:00,6
1785801920,2026-08-04T00:05:20+00:00,6
1785801950,2026-08-04T00:05:50+00:00,6
1785801980,2026-08-04T00:06:20+00:00,6
1785802010,2026-08-04T00:06:50+00:00,6
1785802040,2026-08-04T00:07:20+00:00,6
1785802070,2026-08-04T00:07:50+00:00,6
1785802100,2026-08-04T00:08:20+00:00,6
1785802130,2026-08-04T00:08:50+00:00,6
1785802160,2026-08-04T00:09:20+00:00,6
1785802190,2026-08-04T00:09:50+00:00,6
1785802220,2026-08-04T00:10:20+00:00,6
1785802250,2026-08-04T00:10:50+00:00,6
1785802280,2026-08-04T00:11:20+00:00,6
1785802310,2026-08-04T00:11:50+00:00,6
1785802340,2026-08-04T00:12:20+00:00,6
1785802370,2026-08-04T00:12:50+00:00,6
1785802400,2026-08-04T00:13:20+00:00,6
1785802430,2026-08-04T00:13:50+00:00,6
1785802460,2026-08-04T00:14:20+00:00,6
1785802490,2026-08-04T00:14:50+00:00,6
1785802520,2026-08-04T00:15:20+00:00,6
1785802550,2026-08-04T00:15:50+00:00,6
1785802580,2026-08-04T00:16:20+00:00,6
1785802610,2026-08-04T00:16:50+00:00,6
1785802640,2026-08-04T00:17:20+00:00,6
1785802670,2026-08-04T00:17:50+00:00,6
1785802700,2026-08-04T00:18:20+00:00,6
1785802730,2026-08-04T00:18:50+00:00,6
1785802760,2026-08-04T00:19:20+00:00,6
1785802790,2026-08-04T00:19:50+00:00,6
1785802820,2026-08-04T00:20:20+00:00,6
1785802850,2026-08-04T00:20:50+00:00,6
1785802880,2026-08-04T00:21:20+00:00,6
1785802910,2026-08-04T00:21:50+00:00,6
1785802940,2026-08-04T00:22:20+00:00,6
1785802970,2026-08-04T00:22:50+00:00,6
1785803000,2026-08-04T00:23:20+00:00,6
1785803030,2026-08-04T00:23:50+00:00,6
1785803060,2026-08-04T00:24:20+00:00,6
1785803090,2026-08-04T00:24:50+00:00,6
1785803120,2026-08-04T00:25:20+00:00,6
1785803150,2026-08-04T00:25:50+00:00,6
1785803180,2026-08-04T00:26:20+00:00,6
1785803210,2026-08-04T00:26:50+00:00,6
1785803240,2026-08-04T00:27:20+00:00,6
1785803270,2026-08-04T00:27:50+00:00,6
1785803300,2026-08-04T00:28:20+00:00,6
1785803330,2026-08-04T00:28:50+00:00,6
1785803360,2026-08-04T00:29:20+00:00,6
1785803390,2026-08-04T00:29:50+00:00,6
1785803420,2026-08-04T00:30:20+00:00,6
1785803450,2026-08-04T00:30:50+00:00,6
1785803480,2026-08-04T00:31:20+00:00,6
1785803510,2026-08-04T00:31:50+00:00,6
1785803540,2026-08-04T00:32:20+00:00,6
1785803570,2026-08-04T00:32:50+00:00,6
1785803600,2026-08-04T00:33:20+00:00,6
1785803630,2026-08-04T00:33:50+00:00,6
1785803660,2026-08-04T00:34:20+00:00,6
1785803690,2026-08-04T00:34:50+00:00,6
1785803720,2026-08-04T00:35:20+00:00,6
1785803750,2026-08-04T00:35:50+00:00,6
1785803780,2026-08-04T00:36:20+00:00,6
1785803810,2026-08-04T00:36:50+00:00,6
1785803840,2026-08-04T00:37:20+00:00,6
1785803870,2026-08-04T00:37:50+00:00,6
1785803900,2026-08-04T00:38:20+00:00,6
1785803930,2026-08-04T00:38:50+00:00,6
1785803960,2026-08-04T00:39:20+00:00,6
1785803990,2026-08-04T00:39:50+00:00,6
1785804020,2026-08-04T00:40:20+00:00,6
1785804050,2026-08-04T00:40:50+00:00,6
1785804080,2026-08-04T00:41:20+00:00,6
1785804110,2026-08-04T00:41:50+00:00,6
1785804140,2026-08-04T00:42:20+00:00,6
1785804170,2026-08-04T00:42:50+00:00,6
1785804200,2026-08-04T00:43:20+00:00,6
1785804230,2026-08-04T00:43:50+00:00,6
1785804260,2026-08-04T00:44:20+00:00,6
1785804290,2026-08-04T00:44:50+00:00,6
1785804320,2026-08-04T00:45:20+00:00,6
1785804350,2026-08-04T00:45:50+00:00,6
1785804380,2026-08-04T00:46:20+00:00,6
1785804410,2026-08-04T00:46:50+00:00,6
1785804440,2026-08-04T00:47:20+00:00,6
1785804470,2026-08-04T00:47:50+00:00,6
1785804500,2026-08-04T00:48:20+00:00,6
1785804530,2026-08-04T00:48:50+00:00,6
1785804560,2026-08-04T00:49:20+00:00,6
1785804590,2026-08-04T00:49:50+00:00,6
1785804620,2026-08-04T00:50:20+00:00,6
1785804650,2026-08-04T00:50:50+00:00,6
1785804680,2026-08-04T00:51:20+00:00,6
1785804710,2026-08-04T00:51:50+00:00,6
1785804740,2026-08-04T00:52:20+00:00,6
1785804770,2026-08-04T00:52:50+00:00,6
1785804800,2026-08-04T00:53:20+00:00,6
1785804830,2026-08-04T00:53:50+00:00,6
1785804860,2026-08-04T00:54:20+00:00,6
1785804890,2026-08-04T00:54:50+00:00,6
1785804920,2026-08-04T00:55:20+00:00,6
1785804950,2026-08-04T00:55:50+00:00,6
1785804980,2026-08-04T00:56:20+00:00,6
1785805010,2026-08-04T00:56:50+00:00,6
1785805040,2026-08-04T00:57:20+00:00,6
1785805070,2026-08-04T00:57:50+00:00,6
1785805100,2026-08-04T00:58:20+00:00,6
1785805130,2026-08-04T00:58:50+00:00,6
1785805160,2026-08-04T00:59:20+00:00,6
1785805190,2026-08-04T00:59:50+00:00,6
1785805220,2026-08-04T01:00:20+00:00,6
1785805250,2026-08-04T01:00:50+00:00,6
1785805280,2026-08-04T01:01:20+00:00,6
1785805310,2026-08-04T01:01:50+00:00,6
1785805340,2026-08-04T01:02:20+00:00,6
1785805370,2026-08-04T01:02:50+00:00,6
1785805400,2026-08-04T01:03:20+00:00,6
1785805430,2026-08-04T01:03:50+00:00,6
1785805460,2026-08-04T01:04:20+00:00,6
1785805490,2026-08-04T01:04:50+00:00,6
1785805520,2026-08-04T01:05:20+00:00,6
1785805550,2026-08-04T01:05:50+00:00,6
1785805580,2026-08-04T01:06:20+00:00,6
1785805610,2026-08-04T01:06:50+00:00,6
1785805640,2026-08-04T01:07:20+00:00,6
1785805670,2026-08-04T01:07:50+00:00,6
1785805700,2026-08-04T01:08:20+00:00,6
1785805730,2026-08-04T01:08:50+00:00,6
1785805760,2026-08-04T01:09:20+00:00,6
1785805790,2026-08-04T01:09:50+00:00,6
1785805820,2026-08-04T01:10:20+00:00,6
1785805850,2026-08-04T01:10:50+00:00,6
1785805880,2026-08-04T01:11:20+00:00,6
1785805910,2026-08-04T01:11:50+00:00,6
1785805940,2026-08-04T01:12:20+00:00,6
1785805970,2026-08-04T01:12:50+00:00,6
1785806000,2026-08-04T01:13:20+00:00,6
1785806030,2026-08-04T01:13:50+00:00,6
1785806060,2026-08-04T01:14:20+00:00,6
1785806090,2026-08-04T01:14:50+00:00,6
1785806120,2026-08-04T01:15:20+00:00,6
1785806150,2026-08-04T01:15:50+00:00,6
1785806180,2026-08-04T01:16:20+00:00,6
1785806210,2026-08-04T01:16:50+00:00,6
1785806240,2026-08-04T01:17:20+00:00,6
1785806270,2026-08-04T01:17:50+00:00,6
1785806300,2026-08-04T01:18:20+00:00,6
1785806330,2026-08-04T01:18:50+00:00,6
1785806360,2026-08-04T01:19:20+00:00,6
1785806390,2026-08-04T01:19:50+00:00,6
1785806420,2026-08-04T01:20:20+00:00,6
1785806450,2026-08-04T01:20:50+00:00,6
1785806480,2026-08-04T01:21:20+00:00,6
1785806510,2026-08-04T01:21:50+00:00,6
1785806540,2026-08-04T01:22:20+00:00,6
1785806570,2026-08-04T01:22:50+00:00,6
1785806600,2026-08-04T01:23:20+00:00,6
1785806630,2026-08-04T01:23:50+00:00,6
1785806660,2026-08-04T01:24:20+00:00,6
1785806690,2026-08-04T01:24:50+00:00,6
1785806720,2026-08-04T01:25:20+00:00,6
1785806750,2026-08-04T01:25:50+00:00,6
1785806780,2026-08-04T01:26:20+00:00,6
1785806810,2026-08-04T01:26:50+00:00,6
1785806840,2026-08-04T01:27:20+00:00,6
1785806870,2026-08-04T01:27:50+00:00,6
1785806900,2026-08-04T01:28:20+00:00,6
1785806930,2026-08-04T01:28:50+00:00,6
1785806960,2026-08-04T01:29:20+00:00,6
1785806990,2026-08-04T01:29:50+00:00,6
1785807020,2026-08-04T01:30:20+00:00,6
1785807050,2026-08-04T01:30:50+00:00,6
1785807080,2026-08-04T01:31:20+00:00,6
1785807110,2026-08-04T01:31:50+00:00,6
1785807140,2026-08-04T01:32:20+00:00,6
1785807170,2026-08-04T01:32:50+00:00,6
1785807200,2026-08-04T01:33:20+00:00,6
1785807230,2026-08-04T01:33:50+00:00,6
1785807260,2026-08-04T01:34:20+00:00,6
1785807290,2026-08-04T01:34:50+00:00,6
1785807320,2026-08-04T01:35:20+00:00,6
1785807350,2026-08-04T01:35:50+00:00,6
1785807380,2026-08-04T01:36:20+00:00,6
1785807410,2026-08-04T01:36:50+00:00,6
1785807440,2026-08-04T01:37:20+00:00,6
1785807470,2026-08-04T01:37:50+00:00,6
1785807500,2026-08-04T01:38:20+00:00,6
1785807530,2026-08-04T01:38:50+00:00,6
1785807560,2026-08-04T01:39:20+00:00,6
1785807590,2026-08-04T01:39:50+00:00,6
1785807620,2026-08-04T01:40:20+00:00,6
1785807650,2026-08-04T01:40:50+00:00,6
1785807680,2026-08-04T01:41:20+00:00,6
1785807710,2026-08-04T01:41:50+00:00,6
1785807740,2026-08-04T01:42:20+00:00,6
1785807770,2026-08-04T01:42:50+00:00,6
1785807800,2026-08-04T01:43:20+00:00,6
1785807830,2026-08-04T01:43:50+00:00,6
1785807860,2026-08-04T01:44:20+00:00,6
1785807890,2026-08-04T01:44:50+00:00,6
1785807920,2026-08-04T01:45:20+00:00,6
1785807950,2026-08-04T01:45:50+00:00,6
1785807980,2026-08-04T01:46:20+00:00,6
1785808010,2026-08-04T01:46:50+00:00,6
1785808040,2026-08-04T01:47:20+00:00,6
1785808070,2026-08-04T01:47:50+00:00,6
1785808100,2026-08-04T01:48:20+00:00,6
1785808130,2026-08-04T01:48:50+00:00,6
1785808160,2026-08-04T01:49:20+00:00,6
1785808190,2026-08-04T01:49:50+00:00,6
1785808220,2026-08-04T01:50:20+00:00,6
1785808250,2026-08-04T01:50:50+00:00,6
1785808280,2026-08-04T01:51:20+00:00,6
1785808310,2026-08-04T01:51:50+00:00,6
1785808340,2026-08-04T01:52:20+00:00,6
1785808370,2026-08-04T01:52:50+00:00,6
1785808400,2026-08-04T01:53:20+00:00,6
1785808430,2026-08-04T01:53:50+00:00,6
1785808460,2026-08-04T01:54:20+00:00,6
1785808490,2026-08-04T01:54:50+00:00,6
1785808520,2026-08-04T01:55:20+00:00,6
1785808550,2026-08-04T01:55:50+00:00,6
1785808580,2026-08-04T01:56:20+00:00,6
1785808610,2026-08-04T01:56:50+00:00,6
1785808640,2026-08-04T01:57:20+00:00,6
1785808670,2026-08-04T01:57:50+00:00,6
1785808700,2026-08-04T01:58:20+00:00,6
1785808730,2026-08-04T01:58:50+00:00,6
1785808760,2026-08-04T01:59:20+00:00,6
1785808790,2026-08-04T01:59:50+00:00,6
1785808820,2026-08-04T02:00:20+00:00,6
1785808850,2026-08-04T02:00:50+00:00,6
1785808880,2026-08-04T02:01:20+00:00,6
1785808910,2026-08-04T02:01:50+00:00,6
1785808940,2026-08-04T02:02:20+00:00,6
1785808970,2026-08-04T02:02:50+00:00,6
1785809000,2026-08-04T02:03:20+00:00,6
1785809030,2026-08-04T02:03:50+00:00,6
1785809060,2026-08-04T02:04:20+00:00,6
1785809090,2026-08-04T02:04:50+00:00,6
1785809120,2026-08-04T02:05:20+00:00,6
1785809150,2026-08-04T02:05:50+00:00,6
1785809180,2026-08-04T02:06:20+00:00,6
1785809210,2026-08-04T02:06:50+00:00,6
1785809240,2026-08-04T02:07:20+00:00,6
1785809270,2026-08-04T02:07:50+00:00,6
1785809300,2026-08-04T02:08:20+00:00,6
1785809330,2026-08-04T02:08:50+00:00,6
1785809360,2026-08-04T02:09:20+00:00,6
1785809390,2026-08-04T02:09:50+00:00,6
1785809420,2026-08-04T02:10:20+00:00,6
1785809450,2026-08-04T02:10:50+00:00,6
1785809480,2026-08-04T02:11:20+00:00,6
1785809510,2026-08-04T02:11:50+00:00,6
1785809540,2026-08-04T02:12:20+00:00,6
1785809570,2026-08-04T02:12:50+00:00,6
1785809600,2026-08-04T02:13:20+00:00,6
1785809630,2026-08-04T02:13:50+00:00,6
1785809660,2026-08-04T02:14:20+00:00,6
1785809690,2026-08-04T02:14:50+00:00,6
1785809720,2026-08-04T02:15:20+00:00,6
1785809750,2026-08-04T02:15:50+00:00,6
1785809780,2026-08-04T02:16:20+00:00,6
1785809810,2026-08-04T02:16:50+00:00,6
1785809840,2026-08-04T02:17:20+00:00,6
1785809870,2026-08-04T02:17:50+00:00,6
1785809900,2026-08-04T02:18:20+00:00,6
1785809930,2026-08-04T02:18:50+00:00,6
1785809960,2026-08-04T02:19:20+00:00,6
1785809990,2026-08-04T02:19:50+00:00,6
1785810020,2026-08-04T02:20:20+00:00,6
1785810050,2026-08-04T02:20:50+00:00,6
1785810080,2026-08-04T02:21:20+00:00,6
1785810110,2026-08-04T02:21:50+00:00,6
1785810140,2026-08-04T02:22:20+00:00,6
1785810170,2026-08-04T02:22:50+00:00,6
1785810200,2026-08-04T02:23:20+00:00,6
1785810230,2026-08-04T02:23:50+00:00,6
1785810260,2026-08-04T02:24:20+00:00,6
1785810290,2026-08-04T02:24:50+00:00,6
1785810320,2026-08-04T02:25:20+00:00,6
1785810350,2026-08-04T02:25:50+00:00,6
1785810380,2026-08-04T02:26:20+00:00,6
1785810410,2026-08-04T02:26:50+00:00,6
1785810440,2026-08-04T02:27:20+00:00,6
1785810470,2026-08-04T02:27:50+00:00,6
1785810500,2026-08-04T02:28:20+00:00,6
1785810530,2026-08-04T02:28:50+00:00,6
1785810560,2026-08-04T02:29:20+00:00,6
1785810590,2026-08-04T02:29:50+00:00,6
1785810620,2026-08-04T02:30:20+00:00,6
1785810650,2026-08-04T02:30:50+00:00,6
1785810680,2026-08-04T02:31:20+00:00,6
1785810710,2026-08-04T02:31:50+00:00,6
1785810740,2026-08-04T02:32:20+00:00,6
1785810770,2026-08-04T02:32:50+00:00,6
1785810800,2026-08-04T02:33:20+00:00,6
1785810830,2026-08-04T02:33:50+00:00,6
1785810860,2026-08-04T02:34:20+00:00,6
1785810890,2026-08-04T02:34:50+00:00,6
1785810920,2026-08-04T02:35:20+00:00,6
1785810950,2026-08-04T02:35:50+00:00,6
1785810980,2026-08-04T02:36:20+00:00,6
1785811010,2026-08-04T02:36:50+00:00,6
1785811040,2026-08-04T02:37:20+00:00,6
1785811070,2026-08-04T02:37:50+00:00,6
1785811100,2026-08-04T02:38:20+00:00,6
1785811130,2026-08-04T02:38:50+00:00,6
1785811160,2026-08-04T02:39:20+00:00,6
1785811190,2026-08-04T02:39:50+00:00,6
1785811220,2026-08-04T02:40:20+00:00,6
1785811250,2026-08-04T02:40:50+00:00,6
1785811280,2026-08-04T02:41:20+00:00,6
1785811310,2026-08-04T02:41:50+00:00,6
1785811340,2026-08-04T02:42:20+00:00,6
1785811370,2026-08-04T02:42:50+00:00,6
1785811400,2026-08-04T02:43:20+00:00,6
1785811430,2026-08-04T02:43:50+00:00,6
1785811460,2026-08-04T02:44:20+00:00,6
1785811490,2026-08-04T02:44:50+00:00,6
1785811520,2026-08-04T02:45:20+00:00,6
1785811550,2026-08-04T02:45:50+00:00,6
1785811580,2026-08-04T02:46:20+00:00,6
1785811610,2026-08-04T02:46:50+00:00,6
1785811640,2026-08-04T02:47:20+00:00,6
1785811670,2026-08-04T02:47:50+00:00,6
1785811700,2026-08-04T02:48:20+00:00,6
1785811730,2026-08-04T02:48:50+00:00,6
1785811760,2026-08-04T02:49:20+00:00,6
1785811790,2026-08-04T02:49:50+00:00,6
1785811820,2026-08-04T02:50:20+00:00,6
1785811850,2026-08-04T02:50:50+00:00,6
1785811880,2026-08-04T02:51:20+00:00,6
1785811910,2026-08-04T02:51:50+00:00,6
1785811940,2026-08-04T02:52:20+00:00,6
1785811970,2026-08-04T02:52:50+00:00,6
1785812000,2026-08-04T02:53:20+00:00,6
1785812030,2026-08-04T02:53:50+00:00,6
1785812060,2026-08-04T02:54:20+00:00,6
1785812090,2026-08-04T02:54:50+00:00,6
1785812120,2026-08-04T02:55:20+00:00,6
1785812150,2026-08-04T02:55:50+00:00,6
1785812180,2026-08-04T02:56:20+00:00,6
1785812210,2026-08-04T02:56:50+00:00,6
1785812240,2026-08-04T02:57:20+00:00,6
1785812270,2026-08-04T02:57:50+00:00,6
1785812300,2026-08-04T02:58:20+00:00,6
1785812330,2026-08-04T02:58:50+00:00,6
1785812360,2026-08-04T02:59:20+00:00,6
1785812390,2026-08-04T02:59:50+00:00,6
1785812420,2026-08-04T03:00:20+00:00,6
1785812450,2026-08-04T03:00:50+00:00,6
1785812480,2026-08-04T03:01:20+00:00,6
1785812510,2026-08-04T03:01:50+00:00,6
1785812540,2026-08-04T03:02:20+00:00,6
1785812570,2026-08-04T03:02:50+00:00,6
1785812600,2026-08-04T03:03:20+00:00,6
1785812630,2026-08-04T03:03:50+00:00,6
1785812660,2026-08-04T03:04:20+00:00,6
1785812690,2026-08-04T03:04:50+00:00,6
1785812720,2026-08-04T03:05:20+00:00,6
1785812750,2026-08-04T03:05:50+00:00,6
1785812780,2026-08-04T03:06:20+00:00,6
1785812810,2026-08-04T03:06:50+00:00,6
1785812840,2026-08-04T03:07:20+00:00,6
1785812870,2026-08-04T03:07:50+00:00,6
1785812900,2026-08-04T03:08:20+00:00,6
1785812930,2026-08-04T03:08:50+00:00,6
1785812960,2026-08-04T03:09:20+00:00,6
1785812990,2026-08-04T03:09:50+00:00,6
1785813020,2026-08-04T03:10:20+00:00,6
1785813050,2026-08-04T03:10:50+00:00,6
1785813080,2026-08-04T03:11:20+00:00,6
1785813110,2026-08-04T03:11:50+00:00,6
1785813140,2026-08-04T03:12:20+00:00,6
1785813170,2026-08-04T03:12:50+00:00,6
1785813200,2026-08-04T03:13:20+00:00,6
1785813230,2026-08-04T03:13:50+00:00,6
1785813260,2026-08-04T03:14:20+00:00,6
1785813290,2026-08-04T03:14:50+00:00,6
1785813320,2026-08-04T03:15:20+00:00,6
1785813350,2026-08-04T03:15:50+00:00,6
1785813380,2026-08-04T03:16:20+00:00,6
1785813410,2026-08-04T03:16:50+00:00,6
1785813440,2026-08-04T03:17:20+00:00,6
1785813470,2026-08-04T03:17:50+00:00,6
1785813500,2026-08-04T03:18:20+00:00,6
1785813530,2026-08-04T03:18:50+00:00,6
1785813560,2026-08-04T03:19:20+00:00,6
1785813590,2026-08-04T03:19:50+00:00,6
1785813620,2026-08-04T03:20:20+00:00,6
1785813650,2026-08-04T03:20:50+00:00,6
1785813680,2026-08-04T03:21:20+00:00,6
1785813710,2026-08-04T03:21:50+00:00,6
1785813740,2026-08-04T03:22:20+00:00,6
1785813770,2026-08-04T03:22:50+00:00,6
1785813800,2026-08-04T03:23:20+00:00,6
1785813830,2026-08-04T03:23:50+00:00,6
1785813860,2026-08-04T03:24:20+00:00,6
1785813890,2026-08-04T03:24:50+00:00,6
1785813920,2026-08-04T03:25:20+00:00,6
1785813950,2026-08-04T03:25:50+00:00,6
1785813980,2026-08-04T03:26:20+00:00,6
1785814010,2026-08-04T03:26:50+00:00,6
1785814040,2026-08-04T03:27:20+00:00,6
1785814070,2026-08-04T03:27:50+00:00,6
1785814100,2026-08-04T03:28:20+00:00,6
1785814130,2026-08-04T03:28:50+00:00,6
1785814160,2026-08-04T03:29:20+00:00,6
1785814190,2026-08-04T03:29:50+00:00,6
1785814220,2026-08-04T03:30:20+00:00,6
1785814250,2026-08-04T03:30:50+00:00,6
1785814280,2026-08-04T03:31:20+00:00,6
1785814310,2026-08-04T03:31:50+00:00,6
1785814340,2026-08-04T03:32:20+00:00,6
1785814370,2026-08-04T03:32:50+00:00,6
1785814400,2026-08-04T03:33:20+00:00,6
1785814430,2026-08-04T03:33:50+00:00,6
1785814460,2026-08-04T03:34:20+00:00,6
1785814490,2026-08-04T03:34:50+00:00,6
1785814520,2026-08-04T03:35:20+00:00,6
1785814550,2026-08-04T03:35:50+00:00,6
1785814580,2026-08-04T03:36:20+00:00,6
1785814610,2026-08-04T03:36:50+00:00,6
1785814640,2026-08-04T03:37:20+00:00,6
1785814670,2026-08-04T03:37:50+00:00,6
1785814700,2026-08-04T03:38:20+00:00,6
1785814730,2026-08-04T03:38:50+00:00,6
1785814760,2026-08-04T03:39:20+00:00,6
1785814790,2026-08-04T03:39:50+00:00,6
1785814820,2026-08-04T03:40:20+00:00,6
1785814850,2026-08-04T03:40:50+00:00,6
1785814880,2026-08-04T03:41:20+00:00,6
1785814910,2026-08-04T03:41:50+00:00,6
1785814940,2026-08-04T03:42:20+00:00,6
1785814970,2026-08-04T03:42:50+00:00,6
1785815000,2026-08-04T03:43:20+00:00,6
1785815030,2026-08-04T03:43:50+00:00,6
1785815060,2026-08-04T03:44:20+00:00,6
1785815090,2026-08-04T03:44:50+00:00,6
1785815120,2026-08-04T03:45:20+00:00,6
1785815150,2026-08-04T03:45:50+00:00,6
1785815180,2026-08-04T03:46:20+00:00,6
1785815210,2026-08-04T03:46:50+00:00,6
1785815240,2026-08-04T03:47:20+00:00,6
1785815270,2026-08-04T03:47:50+00:00,6
1785815300,2026-08-04T03:48:20+00:00,6
1785815330,2026-08-04T03:48:50+00:00,6
1785815360,2026-08-04T03:49:20+00:00,6
1785815390,2026-08-04T03:49:50+00:00,6
1785815420,2026-08-04T03:50:20+00:00,6
1785815450,2026-08-04T03:50:50+00:00,6
1785815480,2026-08-04T03:51:20+00:00,6
1785815510,2026-08-04T03:51:50+00:00,6
1785815540,2026-08-04T03:52:20+00:00,6
1785815570,2026-08-04T03:52:50+00:00,6
1785815600,2026-08-04T03:53:20+00:00,6
1785815630,2026-08-04T03:53:50+00:00,6
1785815660,2026-08-04T03:54:20+00:00,6
1785815690,2026-08-04T03:54:50+00:00,6
1785815720,2026-08-04T03:55:20+00:00,6
1785815750,2026-08-04T03:55:50+00:00,6
1785815780,2026-08-04T03:56:20+00:00,6
1785815810,2026-08-04T03:56:50+00:00,6
1785815840,2026-08-04T03:57:20+00:00,6
1785815870,2026-08-04T03:57:50+00:00,6
1785815900,2026-08-04T03:58:20+00:00,6
1785815930,2026-08-04T03:58:50+00:00,6
1785815960,2026-08-04T03:59:20+00:00,6
1785815990,2026-08-04T03:59:50+00:00,6
1785816020,2026-08-04T04:00:20+00:00,6
1785816050,2026-08-04T04:00:50+00:00,6
1785816080,2026-08-04T04:01:20+00:00,6
1785816110,2026-08-04T04:01:50+00:00,6
1785816140,2026-08-04T04:02:20+00:00,6
1785816170,2026-08-04T04:02:50+00:00,6
1785816200,2026-08-04T04:03:20+00:00,6
1785816230,2026-08-04T04:03:50+00:00,6
1785816260,2026-08-04T04:04:20+00:00,6
1785816290,2026-08-04T04:04:50+00:00,6
1785816320,2026-08-04T04:05:20+00:00,6
1785816350,2026-08-04T04:05:50+00:00,6
1785816380,2026-08-04T04:06:20+00:00,6
1785816410,2026-08-04T04:06:50+00:00,6
1785816440,2026-08-04T04:07:20+00:00,6
1785816470,2026-08-04T04:07:50+00:00,6
1785816500,2026-08-04T04:08:20+00:00,6
1785816530,2026-08-04T04:08:50+00:00,6
1785816560,2026-08-04T04:09:20+00:00,6
1785816590,2026-08-04T04:09:50+00:00,6
1785816620,2026-08-04T04:10:20+00:00,6
1785816650,2026-08-04T04:10:50+00:00,6
1785816680,2026-08-04T04:11:20+00:00,6
1785816710,2026-08-04T04:11:50+00:00,6
1785816740,2026-08-04T04:12:20+00:00,6
1785816770,2026-08-04T04:12:50+00:00,6
1785816800,2026-08-04T04:13:20+00:00,6
1785816830,2026-08-04T04:13:50+00:00,6
1785816860,2026-08-04T04:14:20+00:00,6
1785816890,2026-08-04T04:14:50+00:00,6
1785816920,2026-08-04T04:15:20+00:00,6
1785816950,2026-08-04T04:15:50+00:00,6
1785816980,2026-08-04T04:16:20+00:00,6
1785817010,2026-08-04T04:16:50+00:00,6
1785817040,2026-08-04T04:17:20+00:00,6
1785817070,2026-08-04T04:17:50+00:00,6
1785817100,2026-08-04T04:18:20+00:00,6
1785817130,2026-08-04T04:18:50+00:00,6
1785817160,2026-08-04T04:19:20+00:00,6
1785817190,2026-08-04T04:19:50+00:00,6
1785817220,2026-08-04T04:20:20+00:00,6
1785817250,2026-08-04T04:20:50+00:00,6
1785817280,2026-08-04T04:21:20+00:00,6
1785817310,2026-08-04T04:21:50+00:00,6
1785817340,2026-08-04T04:22:20+00:00,6
1785817370,2026-08-04T04:22:50+00:00,6
1785817400,2026-08-04T04:23:20+00:00,6
1785817430,2026-08-04T04:23:50+00:00,6
1785817460,2026-08-04T04:24:20+00:00,6
1785817490,2026-08-04T04:24:50+00:00,6
1785817520,2026-08-04T04:25:20+00:00,6
1785817550,2026-08-04T04:25:50+00:00,6
1785817580,2026-08-04T04:26:20+00:00,6
1785817610,2026-08-04T04:26:50+00:00,6
1785817640,2026-08-04T04:27:20+00:00,6
1785817670,2026-08-04T04:27:50+00:00,6
1785817700,2026-08-04T04:28:20+00:00,6
1785817730,2026-08-04T04:28:50+00:00,6
1785817760,2026-08-04T04:29:20+00:00,6
1785817790,2026-08-04T04:29:50+00:00,6
1785817820,2026-08-04T04:30:20+00:00,6
1785817850,2026-08-04T04:30:50+00:00,6
1785817880,2026-08-04T04:31:20+00:00,6
1785817910,2026-08-04T04:31:50+00:00,6
1785817940,2026-08-04T04:32:20+00:00,6
1785817970,2026-08-04T04:32:50+00:00,6
1785818000,2026-08-04T04:33:20+00:00,6
1785818030,2026-08-04T04:33:50+00:00,6
1785818060,2026-08-04T04:34:20+00:00,6
1785818090,2026-08-04T04:34:50+00:00,6
1785818120,2026-08-04T04:35:20+00:00,6
1785818150,2026-08-04T04:35:50+00:00,6
1785818180,2026-08-04T04:36:20+00:00,6
1785818210,2026-08-04T04:36:50+00:00,6
1785818240,2026-08-04T04:37:20+00:00,6
1785818270,2026-08-04T04:37:50+00:00,6
1785818300,2026-08-04T04:38:20+00:00,6
1785818330,2026-08-04T04:38:50+00:00,6
1785818360,2026-08-04T04:39:20+00:00,6
1785818390,2026-08-04T04:39:50+00:00,6
1785818420,2026-08-04T04:40:20+00:00,6
1785818450,2026-08-04T04:40:50+00:00,6
1785818480,2026-08-04T04:41:20+00:00,6
1785818510,2026-08-04T04:41:50+00:00,6
1785818540,2026-08-04T04:42:20+00:00,6
1785818570,2026-08-04T04:42:50+00:00,6
1785818600,2026-08-04T04:43:20+00:00,6
1785818630,2026-08-04T04:43:50+00:00,6
1785818660,2026-08-04T04:44:20+00:00,6
1785818690,2026-08-04T04:44:50+00:00,6
1785818720,2026-08-04T04:45:20+00:00,6
1785818750,2026-08-04T04:45:50+00:00,6
1785818780,2026-08-04T04:46:20+00:00,6
1785818810,2026-08-04T04:46:50+00:00,6
1785818840,2026-08-04T04:47:20+00:00,6
1785818870,2026-08-04T04:47:50+00:00,6
1785818900,2026-08-04T04:48:20+00:00,6
1785818930,2026-08-04T04:48:50+00:00,6
1785818960,2026-08-04T04:49:20+00:00,6
1785818990,2026-08-04T04:49:50+00:00,6
1785819020,2026-08-04T04:50:20+00:00,6
1785819050,2026-08-04T04:50:50+00:00,6
1785819080,2026-08-04T04:51:20+00:00,6
1785819110,2026-08-04T04:51:50+00:00,6
1785819140,2026-08-04T04:52:20+00:00,6
1785819170,2026-08-04T04:52:50+00:00,6
1785819200,2026-08-04T04:53:20+00:00,6
1785819230,2026-08-04T04:53:50+00:00,6
1785819260,2026-08-04T04:54:20+00:00,6
1785819290,2026-08-04T04:54:50+00:00,6
1785819320,2026-08-04T04:55:20+00:00,6
1785819350,2026-08-04T04:55:50+00:00,6
1785819380,2026-08-04T04:56:20+00:00,6
1785819410,2026-08-04T04:56:50+00:00,6
1785819440,2026-08-04T04:57:20+00:00,6
1785819470,2026-08-04T04:57:50+00:00,6
1785819500,2026-08-04T04:58:20+00:00,6
1785819530,2026-08-04T04:58:50+00:00,6
1785819560,2026-08-04T04:59:20+00:00,6
1785819590,2026-08-04T04:59:50+00:00,6
1785819620,2026-08-04T05:00:20+00:00,6
1785819650,2026-08-04T05:00:50+00:00,6
1785819680,2026-08-04T05:01:20+00:00,6
1785819710,2026-08-04T05:01:50+00:00,6
1785819740,2026-08-04T05:02:20+00:00,6
1785819770,2026-08-04T05:02:50+00:00,6
1785819800,2026-08-04T05:03:20+00:00,6
1785819830,2026-08-04T05:03:50+00:00,6
1785819860,2026-08-04T05:04:20+00:00,6
1785819890,2026-08-04T05:04:50+00:00,6
1785819920,2026-08-04T05:05:20+00:00,6
1785819950,2026-08-04T05:05:50+00:00,6
1785819980,2026-08-04T05:06:20+00:00,6
1785820010,2026-08-04T05:06:50+00:00,6
1785820040,2026-08-04T05:07:20+00:00,6
1785820070,2026-08-04T05:07:50+00:00,6
1785820100,2026-08-04T05:08:20+00:00,6
1785820130,2026-08-04T05:08:50+00:00,6
1785820160,2026-08-04T05:09:20+00:00,6
1785820190,2026-08-04T05:09:50+00:00,6
1785820220,2026-08-04T05:10:20+00:00,6
1785820250,2026-08-04T05:10:50+00:00,6
1785820280,2026-08-04T05:11:20+00:00,6
1785820310,2026-08-04T05:11:50+00:00,6
1785820340,2026-08-04T05:12:20+00:00,6
1785820370,2026-08-04T05:12:50+00:00,6
1785820400,2026-08-04T05:13:20+00:00,6
1785820430,2026-08-04T05:13:50+00:00,6
1785820460,2026-08-04T05:14:20+00:00,6
1785820490,2026-08-04T05:14:50+00:00,6
1785820520,2026-08-04T05:15:20+00:00,6
1785820550,2026-08-04T05:15:50+00:00,6
1785820580,2026-08-04T05:16:20+00:00,6
1785820610,2026-08-04T05:16:50+00:00,6
1785820640,2026-08-04T05:17:20+00:00,6
1785820670,2026-08-04T05:17:50+00:00,6
1785820700,2026-08-04T05:18:20+00:00,6
1785820730,2026-08-04T05:18:50+00:00,6
1785820760,2026-08-04T05:19:20+00:00,6
1785820790,2026-08-04T05:19:50+00:00,6
1785820820,2026-08-04T05:20:20+00:00,6
1785820850,2026-08-04T05:20:50+00:00,6
1785820880,2026-08-04T05:21:20+00:00,6
1785820910,2026-08-04T05:21:50+00:00,6
1785820940,2026-08-04T05:22:20+00:00,6
1785820970,2026-08-04T05:22:50+00:00,6
1785821000,2026-08-04T05:23:20+00:00,6
1785821030,2026-08-04T05:23:50+00:00,6
1785821060,2026-08-04T05:24:20+00:00,6
1785821090,2026-08-04T05:24:50+00:00,6
1785821120,2026-08-04T05:25:20+00:00,6
1785821150,2026-08-04T05:25:50+00:00,6
1785821180,2026-08-04T05:26:20+00:00,6
1785821210,2026-08-04T05:26:50+00:00,6
1785821240,2026-08-04T05:27:20+00:00,6
1785821270,2026-08-04T05:27:50+00:00,6
1785821300,2026-08-04T05:28:20+00:00,6
1785821330,2026-08-04T05:28:50+00:00,6
1785821360,2026-08-04T05:29:20+00:00,6
1785821390,2026-08-04T05:29:50+00:00,6
1785821420,2026-08-04T05:30:20+00:00,6
1785821450,2026-08-04T05:30:50+00:00,6
1785821480,2026-08-04T05:31:20+00:00,6
1785821510,2026-08-04T05:31:50+00:00,6
1785821540,2026-08-04T05:32:20+00:00,6
1785821570,2026-08-04T05:32:50+00:00,6
1785821600,2026-08-04T05:33:20+00:00,6
1785821630,2026-08-04T05:33:50+00:00,6
1785821660,2026-08-04T05:34:20+00:00,6
1785821690,2026-08-04T05:34:50+00:00,6
1785821720,2026-08-04T05:35:20+00:00,6
1785821750,2026-08-04T05:35:50+00:00,6
1785821780,2026-08-04T05:36:20+00:00,6
1785821810,2026-08-04T05:36:50+00:00,6
1785821840,2026-08-04T05:37:20+00:00,6
1785821870,2026-08-04T05:37:50+00:00,6
1785821900,2026-08-04T05:38:20+00:00,6
1785821930,2026-08-04T05:38:50+00:00,6
1785821960,2026-08-04T05:39:20+00:00,6
1785821990,2026-08-04T05:39:50+00:00,6
1785822020,2026-08-04T05:40:20+00:00,6
1785822050,2026-08-04T05:40:50+00:00,6
1785822080,2026-08-04T05:41:20+00:00,6
1785822110,2026-08-04T05:41:50+00:00,6
1785822140,2026-08-04T05:42:20+00:00,6
1785822170,2026-08-04T05:42:50+00:00,6
1785822200,2026-08-04T05:43:20+00:00,6
1785822230,2026-08-04T05:43:50+00:00,6
1785822260,2026-08-04T05:44:20+00:00,6
1785822290,2026-08-04T05:44:50+00:00,6
1785822320,2026-08-04T05:45:20+00:00,6
1785822350,2026-08-04T05:45:50+00:00,6
1785822380,2026-08-04T05:46:20+00:00,6
1785822410,2026-08-04T05:46:50+00:00,6
1785822440,2026-08-04T05:47:20+00:00,6
1785822470,2026-08-04T05:47:50+00:00,6
1785822500,2026-08-04T05:48:20+00:00,6
1785822530,2026-08-04T05:48:50+00:00,6
1785822560,2026-08-04T05:49:20+00:00,6
1785822590,2026-08-04T05:49:50+00:00,6
1785822620,2026-08-04T05:50:20+00:00,6
1785822650,2026-08-04T05:50:50+00:00,6
1785822680,2026-08-04T05:51:20+00:00,6
1785822710,2026-08-04T05:51:50+00:00,6
1785822740,2026-08-04T05:52:20+00:00,6
1785822770,2026-08-04T05:52:50+00:00,6
1785822800,2026-08-04T05:53:20+00:00,6
1785822830,2026-08-04T05:53:50+00:00,6
1785822860,2026-08-04T05:54:20+00:00,6
1785822890,2026-08-04T05:54:50+00:00,6
1785822920,2026-08-04T05:55:20+00:00,6
1785822950,2026-08-04T05:55:50+00:00,6
1785822980,2026-08-04T05:56:20+00:00,6
1785823010,2026-08-04T05:56:50+00:00,6
1785823040,2026-08-04T05:57:20+00:00,6
1785823070,2026-08-04T05:57:50+00:00,6
1785823100,2026-08-04T05:58:20+00:00,6
1785823130,2026-08-04T05:58:50+00:00,6
1785823160,2026-08-04T05:59:20+00:00,6
1785823190,2026-08-04T05:59:50+00:00,6
1785823220,2026-08-04T06:00:20+00:00,6
1785823250,2026-08-04T06:00:50+00:00,6
1785823280,2026-08-04T06:01:20+00:00,6
1785823310,2026-08-04T06:01:50+00:00,6
1785823340,2026-08-04T06:02:20+00:00,6
1785823370,2026-08-04T06:02:50+00:00,6
1785823400,2026-08-04T06:03:20+00:00,6
1785823430,2026-08-04T06:03:50+00:00,6
1785823460,2026-08-04T06:04:20+00:00,6
1785823490,2026-08-04T06:04:50+00:00,6
1785823520,2026-08-04T06:05:20+00:00,6
1785823550,2026-08-04T06:05:50+00:00,6
1785823580,2026-08-04T06:06:20+00:00,6
1785823610,2026-08-04T06:06:50+00:00,6
1785823640,2026-08-04T06:07:20+00:00,6
1785823670,2026-08-04T06:07:50+00:00,6
1785823700,2026-08-04T06:08:20+00:00,6
1785823730,2026-08-04T06:08:50+00:00,6
1785823760,2026-08-04T06:09:20+00:00,6
1785823790,2026-08-04T06:09:50+00:00,6
1785823820,2026-08-04T06:10:20+00:00,6
1785823850,2026-08-04T06:10:50+00:00,6
1785823880,2026-08-04T06:11:20+00:00,6
1785823910,2026-08-04T06:11:50+00:00,6
1785823940,2026-08-04T06:12:20+00:00,6
1785823970,2026-08-04T06:12:50+00:00,6
1785824000,2026-08-04T06:13:20+00:00,6
1785824030,2026-08-04T06:13:50+00:00,6
1785824060,2026-08-04T06:14:20+00:00,6
1785824090,2026-08-04T06:14:50+00:00,6
1785824120,2026-08-04T06:15:20+00:00,6
1785824150,2026-08-04T06:15:50+00:00,6
1785824180,2026-08-04T06:16:20+00:00,6
1785824210,2026-08-04T06:16:50+00:00,6
1785824240,2026-08-04T06:17:20+00:00,6
1785824270,2026-08-04T06:17:50+00:00,6
1785824300,2026-08-04T06:18:20+00:00,6
1785824330,2026-08-04T06:18:50+00:00,6
1785824360,2026-08-04T06:19:20+00:00,6
1785824390,2026-08-04T06:19:50+00:00,6
1785824420,2026-08-04T06:20:20+00:00,6
1785824450,2026-08-04T06:20:50+00:00,6
1785824480,2026-08-04T06:21:20+00:00,6
1785824510,2026-08-04T06:21:50+00:00,6
1785824540,2026-08-04T06:22:20+00:00,6
1785824570,2026-08-04T06:22:50+00:00,6
1785824600,2026-08-04T06:23:20+00:00,6
1785824630,2026-08-04T06:23:50+00:00,6
1785824660,2026-08-04T06:24:20+00:00,6
1785824690,2026-08-04T06:24:50+00:00,6
1785824720,2026-08-04T06:25:20+00:00,6
1785824750,2026-08-04T06:25:50+00:00,6
1785824780,2026-08-04T06:26:20+00:00,6
1785824810,2026-08-04T06:26:50+00:00,6
1785824840,2026-08-04T06:27:20+00:00,6
1785824870,2026-08-04T06:27:50+00:00,6
1785824900,2026-08-04T06:28:20+00:00,6
1785824930,2026-08-04T06:28:50+00:00,6
1785824960,2026-08-04T06:29:20+00:00,6
1785824990,2026-08-04T06:29:50+00:00,6
1785825020,2026-08-04T06:30:20+00:00,6
1785825050,2026-08-04T06:30:50+00:00,6
1785825080,2026-08-04T06:31:20+00:00,6
1785825110,2026-08-04T06:31:50+00:00,6
1785825140,2026-08-04T06:32:20+00:00,6
1785825170,2026-08-04T06:32:50+00:00,6
1785825200,2026-08-04T06:33:20+00:00,6
1785825230,2026-08-04T06:33:50+00:00,6
1785825260,2026-08-04T06:34:20+00:00,6
1785825290,2026-08-04T06:34:50+00:00,6
1785825320,2026-08-04T06:35:20+00:00,6
1785825350,2026-08-04T06:35:50+00:00,6
1785825380,2026-08-04T06:36:20+00:00,6
1785825410,2026-08-04T06:36:50+00:00,6
1785825440,2026-08-04T06:37:20+00:00,6
1785825470,2026-08-04T06:37:50+00:00,6
1785825500,2026-08-04T06:38:20+00:00,6
1785825530,2026-08-04T06:38:50+00:00,6
1785825560,2026-08-04T06:39:20+00:00,6
1785825590,2026-08-04T06:39:50+00:00,6
1785825620,2026-08-04T06:40:20+00:00,6
1785825650,2026-08-04T06:40:50+00:00,6
1785825680,2026-08-04T06:41:20+00:00,6
1785825710,2026-08-04T06:41:50+00:00,6
1785825740,2026-08-04T06:42:20+00:00,6
1785825770,2026-08-04T06:42:50+00:00,6
1785825800,2026-08-04T06:43:20+00:00,6
1785825830,2026-08-04T06:43:50+00:00,6
1785825860,2026-08-04T06:44:20+00:00,6
1785825890,2026-08-04T06:44:50+00:00,6
1785825920,2026-08-04T06:45:20+00:00,6
1785825950,2026-08-04T06:45:50+00:00,6
1785825980,2026-08-04T06:46:20+00:00,6
1785826010,2026-08-04T06:46:50+00:00,6
1785826040,2026-08-04T06:47:20+00:00,6
1785826070,2026-08-04T06:47:50+00:00,6
1785826100,2026-08-04T06:48:20+00:00,6
1785826130,2026-08-04T06:48:50+00:00,6
1785826160,2026-08-04T06:49:20+00:00,6
1785826190,2026-08-04T06:49:50+00:00,6
1785826220,2026-08-04T06:50:20+00:00,6
1785826250,2026-08-04T06:50:50+00:00,6
1785826280,2026-08-04T06:51:20+00:00,6
1785826310,2026-08-04T06:51:50+00:00,6
1785826340,2026-08-04T06:52:20+00:00,6
1785826370,2026-08-04T06:52:50+00:00,6
1785826400,2026-08-04T06:53:20+00:00,6
1785826430,2026-08-04T06:53:50+00:00,6
1785826460,2026-08-04T06:54:20+00:00,6
1785826490,2026-08-04T06:54:50+00:00,6
1785826520,2026-08-04T06:55:20+00:00,6
1785826550,2026-08-04T06:55:50+00:00,6
1785826580,2026-08-04T06:56:20+00:00,6
1785826610,2026-08-04T06:56:50+00:00,6
1785826640,2026-08-04T06:57:20+00:00,6
1785826670,2026-08-04T06:57:50+00:00,6
1785826700,2026-08-04T06:58:20+00:00,6
1785826730,2026-08-04T06:58:50+00:00,6
1785826760,2026-08-04T06:59:20+00:00,6
1785826790,2026-08-04T06:59:50+00:00,6
1785826820,2026-08-04T07:00:20+00:00,6
1785826850,2026-08-04T07:00:50+00:00,6
1785826880,2026-08-04T07:01:20+00:00,6
1785826910,2026-08-04T07:01:50+00:00,6
1785826940,2026-08-04T07:02:20+00:00,6
1785826970,2026-08-04T07:02:50+00:00,6
1785827000,2026-08-04T07:03:20+00:00,6
1785827030,2026-08-04T07:03:50+00:00,6
1785827060,2026-08-04T07:04:20+00:00,6
1785827090,2026-08-04T07:04:50+00:00,6
1785827120,2026-08-04T07:05:20+00:00,6
1785827150,2026-08-04T07:05:50+00:00,6
1785827180,2026-08-04T07:06:20+00:00,6
1785827210,2026-08-04T07:06:50+00:00,6
1785827240,2026-08-04T07:07:20+00:00,6
1785827270,2026-08-04T07:07:50+00:00,6
1785827300,2026-08-04T07:08:20+00:00,6
1785827330,2026-08-04T07:08:50+00:00,6
1785827360,2026-08-04T07:09:20+00:00,6
1785827390,2026-08-04T07:09:50+00:00,6
1785827420,2026-08-04T07:10:20+00:00,6
1785827450,2026-08-04T07:10:50+00:00,6
1785827480,2026-08-04T07:11:20+00:00,6
1785827510,2026-08-04T07:11:50+00:00,6
1785827540,2026-08-04T07:12:20+00:00,6
1785827570,2026-08-04T07:12:50+00:00,6
1785827600,2026-08-04T07:13:20+00:00,6
1785827630,2026-08-04T07:13:50+00:00,6
1785827660,2026-08-04T07:14:20+00:00,6
1785827690,2026-08-04T07:14:50+00:00,6
1785827720,2026-08-04T07:15:20+00:00,6
1785827750,2026-08-04T07:15:50+00:00,6
1785827780,2026-08-04T07:16:20+00:00,6
1785827810,2026-08-04T07:16:50+00:00,6
1785827840,2026-08-04T07:17:20+00:00,6
1785827870,2026-08-04T07:17:50+00:00,6
1785827900,2026-08-04T07:18:20+00:00,6
1785827930,2026-08-04T07:18:50+00:00,6
1785827960,2026-08-04T07:19:20+00:00,6
1785827990,2026-08-04T07:19:50+00:00,6
1785828020,2026-08-04T07:20:20+00:00,6
1785828050,2026-08-04T07:20:50+00:00,6
1785828080,2026-08-04T07:21:20+00:00,6
1785828110,2026-08-04T07:21:50+00:00,6
1785828140,2026-08-04T07:22:20+00:00,6
1785828170,2026-08-04T07:22:50+00:00,6
1785828200,2026-08-04T07:23:20+00:00,6
1785828230,2026-08-04T07:23:50+00:00,6
1785828260,2026-08-04T07:24:20+00:00,6
1785828290,2026-08-04T07:24:50+00:00,6
1785828320,2026-08-04T07:25:20+00:00,6
1785828350,2026-08-04T07:25:50+00:00,6
1785828380,2026-08-04T07:26:20+00:00,6
1785828410,2026-08-04T07:26:50+00:00,6
1785828440,2026-08-04T07:27:20+00:00,6
1785828470,2026-08-04T07:27:50+00:00,6
1785828500,2026-08-04T07:28:20+00:00,6
1785828530,2026-08-04T07:28:50+00:00,6
1785828560,2026-08-04T07:29:20+00:00,6
1785828590,2026-08-04T07:29:50+00:00,6
1785828620,2026-08-04T07:30:20+00:00,6
1785828650,2026-08-04T07:30:50+00:00,6
1785828680,2026-08-04T07:31:20+00:00,6
1785828710,2026-08-04T07:31:50+00:00,6
1785828740,2026-08-04T07:32:20+00:00,6
1785828770,2026-08-04T07:32:50+00:00,6
1785828800,2026-08-04T07:33:20+00:00,6
1785828830,2026-08-04T07:33:50+00:00,6
1785828860,2026-08-04T07:34:20+00:00,6
1785828890,2026-08-04T07:34:50+00:00,6
1785828920,2026-08-04T07:35:20+00:00,6
1785828950,2026-08-04T07:35:50+00:00,6
1785828980,2026-08-04T07:36:20+00:00,6
1785829010,2026-08-04T07:36:50+00:00,6
1785829040,2026-08-04T07:37:20+00:00,6
1785829070,2026-08-04T07:37:50+00:00,6
1785829100,2026-08-04T07:38:20+00:00,6
1785829130,2026-08-04T07:38:50+00:00,6
1785829160,2026-08-04T07:39:20+00:00,6
1785829190,2026-08-04T07:39:50+00:00,6
1785829220,2026-08-04T07:40:20+00:00,6
1785829250,2026-08-04T07:40:50+00:00,6
1785829280,2026-08-04T07:41:20+00:00,6
1785829310,2026-08-04T07:41:50+00:00,6
1785829340,2026-08-04T07:42:20+00:00,6
1785829370,2026-08-04T07:42:50+00:00,6
1785829400,2026-08-04T07:43:20+00:00,6
1785829430,2026-08-04T07:43:50+00:00,6
1785829460,2026-08-04T07:44:20+00:00,6
1785829490,2026-08-04T07:44:50+00:00,6
1785829520,2026-08-04T07:45:20+00:00,6
1785829550,2026-08-04T07:45:50+00:00,6
1785829580,2026-08-04T07:46:20+00:00,6
1785829610,2026-08-04T07:46:50+00:00,6
1785829640,2026-08-04T07:47:20+00:00,6
1785829670,2026-08-04T07:47:50+00:00,6
1785829700,2026-08-04T07:48:20+00:00,6
1785829730,2026-08-04T07:48:50+00:00,6
1785829760,2026-08-04T07:49:20+00:00,6
1785829790,2026-08-04T07:49:50+00:00,6
1785829820,2026-08-04T07:50:20+00:00,6
1785829850,2026-08-04T07:50:50+00:00,6
1785829880,2026-08-04T07:51:20+00:00,6
1785829910,2026-08-04T07:51:50+00:00,6
1785829940,2026-08-04T07:52:20+00:00,6
1785829970,2026-08-04T07:52:50+00:00,6
1785830000,2026-08-04T07:53:20+00:00,6
1785830030,2026-08-04T07:53:50+00:00,6
1785830060,2026-08-04T07:54:20+00:00,6
1785830090,2026-08-04T07:54:50+00:00,6
1785830120,2026-08-04T07:55:20+00:00,6
1785830150,2026-08-04T07:55:50+00:00,6
1785830180,2026-08-04T07:56:20+00:00,6
1785830210,2026-08-04T07:56:50+00:00,6
1785830240,2026-08-04T07:57:20+00:00,6
1785830270,2026-08-04T07:57:50+00:00,6
1785830300,2026-08-04T07:58:20+00:00,6
1785830330,2026-08-04T07:58:50+00:00,6
1785830360,2026-08-04T07:59:20+00:00,6
1785830390,2026-08-04T07:59:50+00:00,6
1785830420,2026-08-04T08:00:20+00:00,6
1785830450,2026-08-04T08:00:50+00:00,6
1785830480,2026-08-04T08:01:20+00:00,6
1785830510,2026-08-04T08:01:50+00:00,6
1785830540,2026-08-04T08:02:20+00:00,6
1785830570,2026-08-04T08:02:50+00:00,6
1785830600,2026-08-04T08:03:20+00:00,6
1785830630,2026-08-04T08:03:50+00:00,6
1785830660,2026-08-04T08:04:20+00:00,6
1785830690,2026-08-04T08:04:50+00:00,6
1785830720,2026-08-04T08:05:20+00:00,6
1785830750,2026-08-04T08:05:50+00:00,6
1785830780,2026-08-04T08:06:20+00:00,6
1785830810,2026-08-04T08:06:50+00:00,6
1785830840,2026-08-04T08:07:20+00:00,6
1785830870,2026-08-04T08:07:50+00:00,6
1785830900,2026-08-04T08:08:20+00:00,6
1785830930,2026-08-04T08:08:50+00:00,6
1785830960,2026-08-04T08:09:20+00:00,6
1785830990,2026-08-04T08:09:50+00:00,6
1785831020,2026-08-04T08:10:20+00:00,6
1785831050,2026-08-04T08:10:50+00:00,6
1785831080,2026-08-04T08:11:20+00:00,6
1785831110,2026-08-04T08:11:50+00:00,6
1785831140,2026-08-04T08:12:20+00:00,6
1785831170,2026-08-04T08:12:50+00:00,6
1785831200,2026-08-04T08:13:20+00:00,6
1785831230,2026-08-04T08:13:50+00:00,6
1785831260,2026-08-04T08:14:20+00:00,6
1785831290,2026-08-04T08:14:50+00:00,6
1785831320,2026-08-04T08:15:20+00:00,6
1785831350,2026-08-04T08:15:50+00:00,6
1785831380,2026-08-04T08:16:20+00:00,6
1785831410,2026-08-04T08:16:50+00:00,6
1785831440,2026-08-04T08:17:20+00:00,6
1785831470,2026-08-04T08:17:50+00:00,6
1785831500,2026-08-04T08:18:20+00:00,6
1785831530,2026-08-04T08:18:50+00:00,6
1785831560,2026-08-04T08:19:20+00:00,6
1785831590,2026-08-04T08:19:50+00:00,6
1785831620,2026-08-04T08:20:20+00:00,6
1785831650,2026-08-04T08:20:50+00:00,6
1785831680,2026-08-04T08:21:20+00:00,6
1785831710,2026-08-04T08:21:50+00:00,6
1785831740,2026-08-04T08:22:20+00:00,6
1785831770,2026-08-04T08:22:50+00:00,6
1785831800,2026-08-04T08:23:20+00:00,6
1785831830,2026-08-04T08:23:50+00:00,6
1785831860,2026-08-04T08:24:20+00:00,6
1785831890,2026-08-04T08:24:50+00:00,6
1785831920,2026-08-04T08:25:20+00:00,6
1785831950,2026-08-04T08:25:50+00:00,6
1785831980,2026-08-04T08:26:20+00:00,6
1785832010,2026-08-04T08:26:50+00:00,6
1785832040,2026-08-04T08:27:20+00:00,6
1785832070,2026-08-04T08:27:50+00:00,6
1785832100,2026-08-04T08:28:20+00:00,6
1785832130,2026-08-04T08:28:50+00:00,6
1785832160,2026-08-04T08:29:20+00:00,6
1785832190,2026-08-04T08:29:50+00:00,6
1785832220,2026-08-04T08:30:20+00:00,6
1785832250,2026-08-04T08:30:50+00:00,6
1785832280,2026-08-04T08:31:20+00:00,6
1785832310,2026-08-04T08:31:50+00:00,6
1785832340,2026-08-04T08:32:20+00:00,6
1785832370,2026-08-04T08:32:50+00:00,6
1785832400,2026-08-04T08:33:20+00:00,6
1785832430,2026-08-04T08:33:50+00:00,6
1785832460,2026-08-04T08:34:20+00:00,6
1785832490,2026-08-04T08:34:50+00:00,6
1785832520,2026-08-04T08:35:20+00:00,6
1785832550,2026-08-04T08:35:50+00:00,6
1785832580,2026-08-04T08:36:20+00:00,6
1785832610,2026-08-04T08:36:50+00:00,6
1785832640,2026-08-04T08:37:20+00:00,6
1785832670,2026-08-04T08:37:50+00:00,6
1785832700,2026-08-04T08:38:20+00:00,6
1785832730,2026-08-04T08:38:50+00:00,6
1785832760,2026-08-04T08:39:20+00:00,6
1785832790,2026-08-04T08:39:50+00:00,6
1785832820,2026-08-04T08:40:20+00:00,6
1785832850,2026-08-04T08:40:50+00:00,6
1785832880,2026-08-04T08:41:20+00:00,6
1785832910,2026-08-04T08:41:50+00:00,6
1785832940,2026-08-04T08:42:20+00:00,6
1785832970,2026-08-04T08:42:50+00:00,6
1785833000,2026-08-04T08:43:20+00:00,6
1785833030,2026-08-04T08:43:50+00:00,6
1785833060,2026-08-04T08:44:20+00:00,6
1785833090,2026-08-04T08:44:50+00:00,6
1785833120,2026-08-04T08:45:20+00:00,6
1785833150,2026-08-04T08:45:50+00:00,6
1785833180,2026-08-04T08:46:20+00:00,6
1785833210,2026-08-04T08:46:50+00:00,6
1785833240,2026-08-04T08:47:20+00:00,6
1785833270,2026-08-04T08:47:50+00:00,6
1785833300,2026-08-04T08:48:20+00:00,6
1785833330,2026-08-04T08:48:50+00:00,6
1785833360,2026-08-04T08:49:20+00:00,6
1785833390,2026-08-04T08:49:50+00:00,6
1785833420,2026-08-04T08:50:20+00:00,6
1785833450,2026-08-04T08:50:50+00:00,6
1785833480,2026-08-04T08:51:20+00:00,6
1785833510,2026-08-04T08:51:50+00:00,6
1785833540,2026-08-04T08:52:20+00:00,6
1785833570,2026-08-04T08:52:50+00:00,6
1785833600,2026-08-04T08:53:20+00:00,6
1785833630,2026-08-04T08:53:50+00:00,6
1785833660,2026-08-04T08:54:20+00:00,6
1785833690,2026-08-04T08:54:50+00:00,6
1785833720,2026-08-04T08:55:20+00:00,6
1785833750,2026-08-04T08:55:50+00:00,6
1785833780,2026-08-04T08:56:20+00:00,6
1785833810,2026-08-04T08:56:50+00:00,6
1785833840,2026-08-04T08:57:20+00:00,6
1785833870,2026-08-04T08:57:50+00:00,6
1785833900,2026-08-04T08:58:20+00:00,6
1785833930,2026-08-04T08:58:50+00:00,6
1785833960,2026-08-04T08:59:20+00:00,6
1785833990,2026-08-04T08:59:50+00:00,6
1785834020,2026-08-04T09:00:20+00:00,6
1785834050,2026-08-04T09:00:50+00:00,6
1785834080,2026-08-04T09:01:20+00:00,6
1785834110,2026-08-04T09:01:50+00:00,6
1785834140,2026-08-04T09:02:20+00:00,6
1785834170,2026-08-04T09:02:50+00:00,6
1785834200,2026-08-04T09:03:20+00:00,6
1785834230,2026-08-04T09:03:50+00:00,6
1785834260,2026-08-04T09:04:20+00:00,6
1785834290,2026-08-04T09:04:50+00:00,6
1785834320,2026-08-04T09:05:20+00:00,6
1785834350,2026-08-04T09:05:50+00:00,6
1785834380,2026-08-04T09:06:20+00:00,6
1785834410,2026-08-04T09:06:50+00:00,6
1785834440,2026-08-04T09:07:20+00:00,6
1785834470,2026-08-04T09:07:50+00:00,6
1785834500,2026-08-04T09:08:20+00:00,6
1785834530,2026-08-04T09:08:50+00:00,6
1785834560,2026-08-04T09:09:20+00:00,6
1785834590,2026-08-04T09:09:50+00:00,6
1785834620,2026-08-04T09:10:20+00:00,6
1785834650,2026-08-04T09:10:50+00:00,6
1785834680,2026-08-04T09:11:20+00:00,6
1785834710,2026-08-04T09:11:50+00:00,6
1785834740,2026-08-04T09:12:20+00:00,6
1785834770,2026-08-04T09:12:50+00:00,6
1785834800,2026-08-04T09:13:20+00:00,6
1785834830,2026-08-04T09:13:50+00:00,6
1785834860,2026-08-04T09:14:20+00:00,6
1785834890,2026-08-04T09:14:50+00:00,6
1785834920,2026-08-04T09:15:20+00:00,6
1785834950,2026-08-04T09:15:50+00:00,6
1785834980,2026-08-04T09:16:20+00:00,6
1785835010,2026-08-04T09:16:50+00:00,6
1785835040,2026-08-04T09:17:20+00:00,6
1785835070,2026-08-04T09:17:50+00:00,6
1785835100,2026-08-04T09:18:20+00:00,6
1785835130,2026-08-04T09:18:50+00:00,6
1785835160,2026-08-04T09:19:20+00:00,6
1785835190,2026-08-04T09:19:50+00:00,6
1785835220,2026-08-04T09:20:20+00:00,6
1785835250,2026-08-04T09:20:50+00:00,6
1785835280,2026-08-04T09:21:20+00:00,6
1785835310,2026-08-04T09:21:50+00:00,6
1785835340,2026-08-04T09:22:20+00:00,6
1785835370,2026-08-04T09:22:50+00:00,6
1785835400,2026-08-04T09:23:20+00:00,6
1785835430,2026-08-04T09:23:50+00:00,6
1785835460,2026-08-04T09:24:20+00:00,6
1785835490,2026-08-04T09:24:50+00:00,6
1785835520,2026-08-04T09:25:20+00:00,6
1785835550,2026-08-04T09:25:50+00:00,6
1785835580,2026-08-04T09:26:20+00:00,6
1785835610,2026-08-04T09:26:50+00:00,6
1785835640,2026-08-04T09:27:20+00:00,6
1785835670,2026-08-04T09:27:50+00:00,6
1785835700,2026-08-04T09:28:20+00:00,6
1785835730,2026-08-04T09:28:50+00:00,6
1785835760,2026-08-04T09:29:20+00:00,6
1785835790,2026-08-04T09:29:50+00:00,6
1785835820,2026-08-04T09:30:20+00:00,6
1785835850,2026-08-04T09:30:50+00:00,6
1785835880,2026-08-04T09:31:20+00:00,6
1785835910,2026-08-04T09:31:50+00:00,6
1785835940,2026-08-04T09:32:20+00:00,6
1785835970,2026-08-04T09:32:50+00:00,6
1785836000,2026-08-04T09:33:20+00:00,6
1785836030,2026-08-04T09:33:50+00:00,6
1785836060,2026-08-04T09:34:20+00:00,6
1785836090,2026-08-04T09:34:50+00:00,6
1785836120,2026-08-04T09:35:20+00:00,6
1785836150,2026-08-04T09:35:50+00:00,6
1785836180,2026-08-04T09:36:20+00:00,6
1785836210,2026-08-04T09:36:50+00:00,6
1785836240,2026-08-04T09:37:20+00:00,6
1785836270,2026-08-04T09:37:50+00:00,6
1785836300,2026-08-04T09:38:20+00:00,6
1785836330,2026-08-04T09:38:50+00:00,6
1785836360,2026-08-04T09:39:20+00:00,6
1785836390,2026-08-04T09:39:50+00:00,6
1785836420,2026-08-04T09:40:20+00:00,6
1785836450,2026-08-04T09:40:50+00:00,6
1785836480,2026-08-04T09:41:20+00:00,6
1785836510,2026-08-04T09:41:50+00:00,6
1785836540,2026-08-04T09:42:20+00:00,6
1785836570,2026-08-04T09:42:50+00:00,6
1785836600,2026-08-04T09:43:20+00:00,6
1785836630,2026-08-04T09:43:50+00:00,6
1785836660,2026-08-04T09:44:20+00:00,6
1785836690,2026-08-04T09:44:50+00:00,6
1785836720,2026-08-04T09:45:20+00:00,6
1785836750,2026-08-04T09:45:50+00:00,6
1785836780,2026-08-04T09:46:20+00:00,6
1785836810,2026-08-04T09:46:50+00:00,6
1785836840,2026-08-04T09:47:20+00:00,6
1785836870,2026-08-04T09:47:50+00:00,6
1785836900,2026-08-04T09:48:20+00:00,6
1785836930,2026-08-04T09:48:50+00:00,6
1785836960,2026-08-04T09:49:20+00:00,6
1785836990,2026-08-04T09:49:50+00:00,6
1785837020,2026-08-04T09:50:20+00:00,6
1785837050,2026-08-04T09:50:50+00:00,6
1785837080,2026-08-04T09:51:20+00:00,6
1785837110,2026-08-04T09:51:50+00:00,6
1785837140,2026-08-04T09:52:20+00:00,6
1785837170,2026-08-04T09:52:50+00:00,6
1785837200,2026-08-04T09:53:20+00:00,6
1785837230,2026-08-04T09:53:50+00:00,6
1785837260,2026-08-04T09:54:20+00:00,6
1785837290,2026-08-04T09:54:50+00:00,6
1785837320,2026-08-04T09:55:20+00:00,6
1785837350,2026-08-04T09:55:50+00:00,6
1785837380,2026-08-04T09:56:20+00:00,6
1785837410,2026-08-04T09:56:50+00:00,6
1785837440,2026-08-04T09:57:20+00:00,6
1785837470,2026-08-04T09:57:50+00:00,6
1785837500,2026-08-04T09:58:20+00:00,6
1785837530,2026-08-04T09:58:50+00:00,6
1785837560,2026-08-04T09:59:20+00:00,6
1785837590,2026-08-04T09:59:50+00:00,6
1785837620,2026-08-04T10:00:20+00:00,6
1785837650,2026-08-04T10:00:50+00:00,6
1785837680,2026-08-04T10:01:20+00:00,6
1785837710,2026-08-04T10:01:50+00:00,6
1785837740,2026-08-04T10:02:20+00:00,6
1785837770,2026-08-04T10:02:50+00:00,6
1785837800,2026-08-04T10:03:20+00:00,6
1785837830,2026-08-04T10:03:50+00:00,6
1785837860,2026-08-04T10:04:20+00:00,6
1785837890,2026-08-04T10:04:50+00:00,6
1785837920,2026-08-04T10:05:20+00:00,6
1785837950,2026-08-04T10:05:50+00:00,6
1785837980,2026-08-04T10:06:20+00:00,6
1785838010,2026-08-04T10:06:50+00:00,6
1785838040,2026-08-04T10:07:20+00:00,6
1785838070,2026-08-04T10:07:50+00:00,6
1785838100,2026-08-04T10:08:20+00:00,6
1785838130,2026-08-04T10:08:50+00:00,6
1785838160,2026-08-04T10:09:20+00:00,6
1785838190,2026-08-04T10:09:50+00:00,6
1785838220,2026-08-04T10:10:20+00:00,6
1785838250,2026-08-04T10:10:50+00:00,6
1785838280,2026-08-04T10:11:20+00:00,6
1785838310,2026-08-04T10:11:50+00:00,6
1785838340,2026-08-04T10:12:20+00:00,6
1785838370,2026-08-04T10:12:50+00:00,6
1785838400,2026-08-04T10:13:20+00:00,6
1785838430,2026-08-04T10:13:50+00:00,6
1785838460,2026-08-04T10:14:20+00:00,6
1785838490,2026-08-04T10:14:50+00:00,6
1785838520,2026-08-04T10:15:20+00:00,6
1785838550,2026-08-04T10:15:50+00:00,6
1785838580,2026-08-04T10:16:20+00:00,6
1785838610,2026-08-04T10:16:50+00:00,6
1785838640,2026-08-04T10:17:20+00:00,6
1785838670,2026-08-04T10:17:50+00:00,6
1785838700,2026-08-04T10:18:20+00:00,6
1785838730,2026-08-04T10:18:50+00:00,6
1785838760,2026-08-04T10:19:20+00:00,6
1785838790,2026-08-04T10:19:50+00:00,6
1785838820,2026-08-04T10:20:20+00:00,6
1785838850,2026-08-04T10:20:50+00:00,6
1785838880,2026-08-04T10:21:20+00:00,6
1785838910,2026-08-04T10:21:50+00:00,6
1785838940,2026-08-04T10:22:20+00:00,6
1785838970,2026-08-04T10:22:50+00:00,6
1785839000,2026-08-04T10:23:20+00:00,6
1785839030,2026-08-04T10:23:50+00:00,6
1785839060,2026-08-04T10:24:20+00:00,6
1785839090,2026-08-04T10:24:50+00:00,6
1785839120,2026-08-04T10:25:20+00:00,6
1785839150,2026-08-04T10:25:50+00:00,6
1785839180,2026-08-04T10:26:20+00:00,6
1785839210,2026-08-04T10:26:50+00:00,6
1785839240,2026-08-04T10:27:20+00:00,6
1785839270,2026-08-04T10:27:50+00:00,6
1785839300,2026-08-04T10:28:20+00:00,6
1785839330,2026-08-04T10:28:50+00:00,6
1785839360,2026-08-04T10:29:20+00:00,6
1785839390,2026-08-04T10:29:50+00:00,6
1785839420,2026-08-04T10:30:20+00:00,6
1785839450,2026-08-04T10:30:50+00:00,6
1785839480,2026-08-04T10:31:20+00:00,6
1785839510,2026-08-04T10:31:50+00:00,6
1785839540,2026-08-04T10:32:20+00:00,6
1785839570,2026-08-04T10:32:50+00:00,6
1785839600,2026-08-04T10:33:20+00:00,6
1785839630,2026-08-04T10:33:50+00:00,6
1785839660,2026-08-04T10:34:20+00:00,6
1785839690,2026-08-04T10:34:50+00:00,6
1785839720,2026-08-04T10:35:20+00:00,6
1785839750,2026-08-04T10:35:50+00:00,6
1785839780,2026-08-04T10:36:20+00:00,6
1785839810,2026-08-04T10:36:50+00:00,6
1785839840,2026-08-04T10:37:20+00:00,6
1785839870,2026-08-04T10:37:50+00:00,6
1785839900,2026-08-04T10:38:20+00:00,6
1785839930,2026-08-04T10:38:50+00:00,6
1785839960,2026-08-04T10:39:20+00:00,6
1785839990,2026-08-04T10:39:50+00:00,6
1785840020,2026-08-04T10:40:20+00:00,6
1785840050,2026-08-04T10:40:50+00:00,6
1785840080,2026-08-04T10:41:20+00:00,6
1785840110,2026-08-04T10:41:50+00:00,6
1785840140,2026-08-04T10:42:20+00:00,6
1785840170,2026-08-04T10:42:50+00:00,6
1785840200,2026-08-04T10:43:20+00:00,6
1785840230,2026-08-04T10:43:50+00:00,6
1785840260,2026-08-04T10:44:20+00:00,6
1785840290,2026-08-04T10:44:50+00:00,6
1785840320,2026-08-04T10:45:20+00:00,6
1785840350,2026-08-04T10:45:50+00:00,6
1785840380,2026-08-04T10:46:20+00:00,6
1785840410,2026-08-04T10:46:50+00:00,6
1785840440,2026-08-04T10:47:20+00:00,6
1785840470,2026-08-04T10:47:50+00:00,6
1785840500,2026-08-04T10:48:20+00:00,6
1785840530,2026-08-04T10:48:50+00:00,6
1785840560,2026-08-04T10:49:20+00:00,6
1785840590,2026-08-04T10:49:50+00:00,6
1785840620,2026-08-04T10:50:20+00:00,6
1785840650,2026-08-04T10:50:50+00:00,6
1785840680,2026-08-04T10:51:20+00:00,6
1785840710,2026-08-04T10:51:50+00:00,6
1785840740,2026-08-04T10:52:20+00:00,6
1785840770,2026-08-04T10:52:50+00:00,6
1785840800,2026-08-04T10:53:20+00:00,6
1785840830,2026-08-04T10:53:50+00:00,6
1785840860,2026-08-04T10:54:20+00:00,6
1785840890,2026-08-04T10:54:50+00:00,6
1785840920,2026-08-04T10:55:20+00:00,6
1785840950,2026-08-04T10:55:50+00:00,6
1785840980,2026-08-04T10:56:20+00:00,6
1785841010,2026-08-04T10:56:50+00:00,6
1785841040,2026-08-04T10:57:20+00:00,6
1785841070,2026-08-04T10:57:50+00:00,6
1785841100,2026-08-04T10:58:20+00:00,6
1785841130,2026-08-04T10:58:50+00:00,6
1785841160,2026-08-04T10:59:20+00:00,6
1785841190,2026-08-04T10:59:50+00:00,6
1785841220,2026-08-04T11:00:20+00:00,6
1785841250,2026-08-04T11:00:50+00:00,6
1785841280,2026-08-04T11:01:20+00:00,6
1785841310,2026-08-04T11:01:50+00:00,6
1785841340,2026-08-04T11:02:20+00:00,6
1785841370,2026-08-04T11:02:50+00:00,6
1785841400,2026-08-04T11:03:20+00:00,6
1785841430,2026-08-04T11:03:50+00:00,6
1785841460,2026-08-04T11:04:20+00:00,6
1785841490,2026-08-04T11:04:50+00:00,6
1785841520,2026-08-04T11:05:20+00:00,6
1785841550,2026-08-04T11:05:50+00:00,6
